18:32:24,-0.990875244140625
18:32:27,-0.989105224609375
18:32:30,-0.9882354736328125
18:32:34,-0.988616943359375
18:32:37,-0.990478515625
18:32:40,-0.9887542724609375
18:32:44,-0.98828125
18:32:47,-0.9885406494140625
18:32:50,-0.9893035888671875
18:32:53,-0.9898681640625
18:32:56,-0.9887542724609375
18:32:58,-0.989288330078125
18:33:01,-0.989013671875
18:33:04,-0.9882965087890625
18:33:07,-0.9883270263671875
18:33:10,-0.9894866943359375
18:33:14,-0.989654541015625
18:33:17,-0.989501953125
18:33:20,-0.988739013671875
18:33:23,-0.9881744384765625
18:33:26,-0.989227294921875
18:33:29,-0.9874114990234375
18:33:32,-0.9881591796875
18:33:35,-0.9892425537109375
18:33:38,-0.9873504638671875
18:33:41,-0.989715576171875
18:33:44,-0.987823486328125
18:33:48,-0.9882965087890625
18:33:51,-0.9891357421875
18:33:54,-0.987640380859375
18:33:57,-0.98919677734375
18:34:00,-0.988037109375
18:34:03,-0.988800048828125
18:34:06,-0.99896240234375
18:34:09,-1.0229949951171875
18:34:12,-0.743743896484375
18:34:15,-1.8180999755859375
18:34:18,-0.9886474609375
18:34:22,-0.9886932373046875
18:34:25,-0.98828125
18:34:28,-0.9881591796875
18:34:31,-0.9883880615234375
18:34:34,-0.9892730712890625
18:34:37,-0.9888458251953125
18:34:40,-0.98980712890625
18:34:43,-0.988189697265625
18:34:46,-0.9899139404296875
18:34:49,-0.9886474609375
18:34:52,-0.9886322021484375
18:34:56,-0.9898681640625
18:34:59,-0.9899749755859375
18:35:02,-0.9904632568359375
18:35:05,-0.9882354736328125
18:35:08,-0.9899444580078125
18:35:11,-0.989501953125
18:35:14,-0.9897613525390625
18:35:17,-0.988250732421875
18:35:20,-0.98797607421875
18:35:23,-0.9881439208984375
18:35:26,-0.9885711669921875
18:35:30,-0.9901580810546875
18:35:33,-0.9878997802734375
18:35:36,-0.98919677734375
18:35:39,-0.9899139404296875
18:35:42,-0.9889984130859375
18:35:45,-0.9895782470703125
18:35:48,-0.9897613525390625
18:35:51,-0.9904632568359375
18:35:54,-0.9898223876953125
18:35:57,-0.98931884765625
18:36:00,-0.9886322021484375
18:36:04,-0.9893646240234375
18:36:07,-0.9900970458984375
18:36:10,-0.9903411865234375
18:36:13,-0.988800048828125
18:36:16,-0.9899749755859375
18:36:19,-0.9897003173828125
18:36:22,-0.990753173828125
18:36:25,-0.9899444580078125
18:36:28,-0.9897613525390625
18:36:31,-0.9906005859375
18:36:34,-0.98931884765625
18:36:38,-0.9876251220703125
18:36:41,-0.988128662109375
18:36:44,-0.9883270263671875
18:36:47,-0.9907379150390625
18:36:50,-0.9894256591796875
18:36:53,-0.9892425537109375
18:36:56,-0.989501953125
18:36:59,-0.98828125
18:37:02,-0.988616943359375
18:37:05,-0.990814208984375
18:37:08,-0.9896240234375
18:37:12,-0.9890899658203125
18:37:15,-0.9879913330078125
18:37:18,-0.98651123046875
18:37:21,-0.98779296875
18:37:24,-0.988677978515625
18:37:27,-0.9885101318359375
18:37:30,-0.990753173828125
18:37:33,-0.9876861572265625
18:37:36,-0.9928131103515625
18:37:39,-0.988677978515625
18:37:42,-0.9891815185546875
18:37:46,-0.9898834228515625
18:37:49,-0.989349365234375
18:37:52,-0.9885101318359375
18:37:55,-0.99041748046875
18:37:58,-0.9899444580078125
18:38:01,-0.988861083984375
18:38:04,-0.989013671875
18:38:07,-0.9881439208984375
18:38:10,-0.9889678955078125
18:38:13,-0.9897308349609375
18:38:16,-0.988983154296875
18:38:20,-0.9891510009765625
18:38:23,-0.989715576171875
18:38:26,-0.9889068603515625
18:38:29,-0.988311767578125
18:38:32,-0.9891204833984375
18:38:35,-0.989013671875
18:38:38,-0.9896392822265625
18:38:41,-0.989105224609375
18:38:43,-0.9890899658203125
18:38:46,-0.990234375
18:38:49,-0.98870849609375
18:38:53,-0.9897918701171875
18:38:56,-0.988067626953125
18:38:59,-0.990509033203125
18:39:02,-0.9882965087890625
18:39:05,-0.9884796142578125
18:39:08,-0.9902801513671875
18:39:11,-0.9881134033203125
18:39:13,-0.9889984130859375
18:39:16,-0.98883056640625
18:39:19,-0.987945556640625
18:39:22,-0.990020751953125
18:39:26,-0.9886932373046875
18:39:29,-0.9889984130859375
18:39:32,-0.9894561767578125
18:39:35,-0.9904327392578125
18:39:38,-0.9886627197265625
18:39:41,-0.9893646240234375
18:39:44,-0.9903564453125
18:39:47,-0.9884033203125
18:39:50,-0.9889984130859375
18:39:53,-0.98907470703125
18:39:56,-0.9892120361328125
18:40:00,-0.989166259765625
18:40:03,-0.98870849609375
18:40:06,-0.989532470703125
18:40:09,-0.9896697998046875
18:40:12,-0.9896240234375
18:40:15,-0.989105224609375
18:40:18,-0.9883575439453125
18:40:21,-0.9892425537109375
18:40:24,-0.9889068603515625
18:40:27,-0.9899749755859375
18:40:30,-0.9882049560546875
18:40:34,-0.98974609375
18:40:37,-0.988739013671875
18:40:40,-0.9891510009765625
18:40:43,-0.989990234375
18:40:46,-0.988372802734375
18:40:49,-0.9893341064453125
18:40:52,-0.9905548095703125
18:40:55,-0.9907379150390625
18:40:58,-0.9898223876953125
18:41:01,-0.9886016845703125
18:41:04,-0.9886474609375
18:41:08,-0.9891204833984375
18:41:11,-0.988006591796875
18:41:14,-0.9893035888671875
18:41:17,-0.9882354736328125
18:41:20,-0.9889678955078125
18:41:23,-0.989532470703125
18:41:26,-0.9899444580078125
18:41:29,-0.9891357421875
18:41:32,-0.989837646484375
18:41:35,-0.988433837890625
18:41:38,-0.9889678955078125
18:41:42,-0.9897613525390625
18:41:45,-0.9883575439453125
18:41:48,-0.9897308349609375
18:41:51,-0.98907470703125
18:41:54,-0.9900054931640625
18:41:57,-0.9908447265625
18:42:00,-0.9889373779296875
18:42:03,-0.9873809814453125
18:42:06,-0.9891357421875
18:42:09,-0.987945556640625
18:42:12,-0.98919677734375
18:42:16,-0.9886932373046875
18:42:37,-0.9899139404296875
18:46:17,-0.9898681640625
18:46:20,-0.9862060546875
18:46:23,-0.98797607421875
18:46:26,-0.988922119140625
18:46:29,-0.9890289306640625
18:46:32,-0.9902496337890625
18:46:35,-0.987335205078125
18:46:39,-0.9867095947265625
18:46:42,-0.989349365234375
18:46:45,-0.989044189453125
18:46:48,-0.98919677734375
18:46:51,-0.990081787109375
18:46:54,-0.9901580810546875
18:46:57,-0.9892425537109375
18:47:00,-0.9884185791015625
18:47:03,-0.9896392822265625
18:47:06,-0.9905242919921875
18:47:09,-0.9880218505859375
18:47:13,-0.989776611328125
18:47:16,-0.9892120361328125
18:47:19,-0.98907470703125
18:47:22,-0.9886016845703125
18:47:25,-0.9884185791015625
18:47:28,-0.989013671875
18:47:31,-0.99005126953125
18:47:34,-0.9897613525390625
18:47:37,-0.98931884765625
18:47:40,-0.9902496337890625
18:47:43,-0.9903717041015625
18:47:47,-0.9884185791015625
18:47:50,-0.9896087646484375
18:47:53,-0.9887847900390625
18:47:56,-0.9868927001953125
18:47:59,-0.9903564453125
18:48:02,-0.9893646240234375
18:48:05,-0.989776611328125
18:48:08,-0.989471435546875
18:48:11,-0.989776611328125
18:48:14,-0.9904327392578125
18:48:17,-0.9896697998046875
18:48:21,-0.9898529052734375
18:48:24,-0.9896392822265625
18:48:27,-0.9899749755859375
18:48:30,-0.9893341064453125
18:48:33,-0.9883575439453125
18:48:36,-0.9886474609375
18:48:39,-0.9901275634765625
18:48:42,-0.9891815185546875
18:48:45,-0.989044189453125
18:48:48,-0.99114990234375
18:48:51,-0.9904022216796875
18:48:55,-0.9889068603515625
18:48:58,-0.98944091796875
18:49:01,-0.9893951416015625
18:49:04,-0.98944091796875
18:49:07,-0.98919677734375
18:49:10,-0.988800048828125
18:49:13,-0.9897918701171875
18:49:16,-0.9901275634765625
18:49:19,-0.988525390625
18:49:22,-0.990020751953125
18:49:25,-0.9896697998046875
18:49:29,-0.9897918701171875
18:49:32,-0.9894256591796875
18:49:35,-0.99127197265625
18:49:38,-0.989471435546875
18:49:41,-0.990875244140625
18:49:44,-0.9901580810546875
18:49:47,-0.9905242919921875
18:49:50,-0.9896392822265625
18:49:53,-0.9891204833984375
18:49:56,-0.987640380859375
18:49:59,-0.9894866943359375
18:50:03,-0.988800048828125
18:50:06,-0.9890594482421875
18:50:09,-0.988525390625
18:50:12,-0.990386962890625
18:50:15,-0.989166259765625
18:50:18,-0.98876953125
18:50:21,-0.98919677734375
18:50:24,-0.989654541015625
18:50:27,-0.9905853271484375
18:50:30,-0.9893035888671875
18:50:33,-0.9893951416015625
18:50:37,-0.989898681640625
18:50:40,-0.98828125
18:50:49,-0.307525634765625
18:50:52,-0.068939208984375
18:50:55,-0.2410125732421875
18:56:54,-0.68719482421875
18:56:58,-0.71826171875
18:57:01,-0.7996826171875
18:57:04,-0.55755615234375
18:57:07,-0.9912872314453125
18:57:10,-0.99029541015625
18:57:13,-0.990631103515625
18:57:16,-0.9916839599609375
18:57:19,-0.9913177490234375
18:57:22,-0.9907989501953125
18:57:25,-0.9925994873046875
18:57:28,-0.990875244140625
18:57:32,-0.9918975830078125
18:57:35,-0.9916839599609375
18:57:38,-0.990875244140625
18:57:41,-0.9920501708984375
18:57:44,-0.9925537109375
18:57:47,-0.9903564453125
18:57:50,-0.9932403564453125
18:57:53,-0.991302490234375
18:57:56,-0.99169921875
18:57:59,-0.9911651611328125
18:58:03,-0.990814208984375
18:58:06,-0.9917449951171875
18:58:09,-0.9919891357421875
18:58:12,-0.9916229248046875
18:58:15,-0.9913787841796875
18:58:18,-0.9912567138671875
18:58:21,-0.990325927734375
18:58:24,-0.9911041259765625
18:58:27,-0.9914093017578125
18:58:30,-0.99127197265625
18:58:33,-0.9913330078125
18:58:37,-0.990692138671875
18:58:40,-0.99237060546875
18:58:43,-0.9912872314453125
18:58:46,-0.99163818359375
18:58:49,-0.9911956787109375
18:58:52,-0.9912261962890625
18:58:55,-0.99285888671875
18:58:58,-0.99169921875
18:59:01,-0.9903411865234375
18:59:04,-0.991546630859375
18:59:07,-0.990447998046875
18:59:11,-0.9890594482421875
18:59:14,-0.991607666015625
18:59:17,-0.990753173828125
18:59:20,-0.991119384765625
18:59:23,-0.9906158447265625
18:59:26,-0.9910736083984375
18:59:29,-0.990325927734375
18:59:32,-0.990142822265625
18:59:35,-0.9903106689453125
18:59:38,-0.9913177490234375
18:59:41,-0.9901123046875
18:59:45,-0.9893035888671875
18:59:48,-0.9908447265625
18:59:51,-0.990875244140625
18:59:54,-0.9898223876953125
18:59:57,-0.9918670654296875
19:00:00,-0.9907379150390625
19:00:03,-0.989898681640625
19:00:06,-0.992156982421875
19:00:09,-0.990509033203125
19:00:14,-0.99169921875
19:00:18,-0.9918060302734375
19:00:21,-0.9907073974609375
19:00:24,-0.9894866943359375
19:00:27,-0.990570068359375
19:00:30,-0.9910888671875
19:00:33,-0.9902801513671875
19:00:36,-0.991546630859375
