18:32:25,0.0178375244140625
18:32:28,0.01751708984375
18:32:31,0.01629638671875
18:32:35,0.01666259765625
18:32:38,0.0151824951171875
18:32:42,0.01788330078125
18:32:45,0.01837158203125
18:32:48,0.0170440673828125
18:32:51,0.0167694091796875
18:32:54,0.0170135498046875
18:32:57,0.0183868408203125
18:32:59,0.0153656005859375
18:33:02,0.0170745849609375
18:33:05,0.01611328125
18:33:08,0.016204833984375
18:33:12,0.016998291015625
18:33:15,0.01702880859375
18:33:18,0.016632080078125
18:33:21,0.0170135498046875
18:33:24,0.0169219970703125
18:33:27,0.0175323486328125
18:33:30,0.0174560546875
18:33:33,0.0167083740234375
18:33:36,0.016571044921875
18:33:39,0.0158843994140625
18:33:42,0.0152587890625
18:33:46,0.01605224609375
18:33:49,0.0173492431640625
18:33:52,0.0177154541015625
18:33:55,0.0173187255859375
18:33:58,0.016632080078125
18:34:01,0.01629638671875
18:34:04,0.0142669677734375
18:34:07,-0.6768951416015625
18:34:10,0.8512725830078125
18:34:13,0.1907196044921875
18:34:16,0.0195465087890625
18:34:20,0.01849365234375
18:34:23,0.0178375244140625
18:34:26,0.0185699462890625
18:34:29,0.01806640625
18:34:32,0.018798828125
18:34:35,0.01483154296875
18:34:38,0.018310546875
18:34:41,0.019287109375
18:34:44,0.019012451171875
18:34:47,0.0181732177734375
18:34:50,0.014892578125
18:34:54,0.0197296142578125
18:34:57,0.019744873046875
18:35:00,0.0186004638671875
18:35:03,0.01824951171875
18:35:06,0.019561767578125
18:35:09,0.0186004638671875
18:35:12,0.017852783203125
18:35:15,0.01849365234375
18:35:18,0.0186767578125
18:35:21,0.0191802978515625
18:35:24,0.020355224609375
18:35:28,0.0189666748046875
18:35:31,0.01837158203125
18:35:34,0.0186614990234375
18:35:37,0.020172119140625
18:35:40,0.0181427001953125
18:35:43,0.020263671875
18:35:46,0.019775390625
18:35:49,0.018157958984375
18:35:52,0.020416259765625
18:35:55,0.018798828125
18:35:58,0.0196075439453125
18:36:02,0.0191497802734375
18:36:05,0.018646240234375
18:36:08,0.0188446044921875
18:36:11,0.01947021484375
18:36:14,0.0182647705078125
18:36:17,0.018280029296875
18:36:20,0.01910400390625
18:36:23,0.0191650390625
18:36:26,0.02001953125
18:36:29,0.0177001953125
18:36:32,0.0180206298828125
18:36:36,0.0190277099609375
18:36:39,0.02191162109375
18:36:42,0.0185089111328125
18:36:45,0.01861572265625
18:36:48,0.0209197998046875
18:36:51,0.0188446044921875
18:36:54,0.0194854736328125
18:36:57,0.016998291015625
18:37:00,0.019287109375
18:37:03,0.0194854736328125
18:37:06,0.018951416015625
18:37:10,0.0186614990234375
18:37:13,0.0180206298828125
18:37:16,0.016204833984375
18:37:19,0.0191802978515625
18:37:22,0.0191497802734375
18:37:25,0.0199127197265625
18:37:28,0.022857666015625
18:37:31,0.0200042724609375
18:37:34,0.0128631591796875
18:37:37,0.0168304443359375
18:37:40,0.0210723876953125
18:37:44,0.0189056396484375
18:37:47,0.0185394287109375
18:37:50,0.0177459716796875
18:37:53,0.0192718505859375
18:37:56,0.017913818359375
18:37:59,0.0191192626953125
18:38:02,0.0181884765625
18:38:05,0.0194091796875
18:38:08,0.0186767578125
18:38:11,0.0202484130859375
18:38:14,0.0191497802734375
18:38:18,0.0186920166015625
18:38:21,0.0202178955078125
18:38:24,0.02020263671875
18:38:27,0.0185699462890625
18:38:30,0.017974853515625
18:38:33,0.019866943359375
18:38:36,0.01904296875
18:38:39,0.0185546875
18:38:44,0.017486572265625
18:38:47,0.02008056640625
18:38:51,0.018768310546875
18:38:54,0.019805908203125
18:38:57,0.0179901123046875
18:39:00,0.0186309814453125
18:39:03,0.01873779296875
18:39:06,0.019561767578125
18:39:09,0.0177154541015625
18:39:12,0.018829345703125
18:39:14,0.018524169921875
18:39:17,0.0205230712890625
18:39:20,0.019134521484375
18:39:24,0.0193328857421875
18:39:27,0.0193023681640625
18:39:30,0.0196533203125
18:39:33,0.0196990966796875
18:39:36,0.0191802978515625
18:39:39,0.01873779296875
18:39:42,0.0197296142578125
18:39:45,0.019317626953125
18:39:48,0.017974853515625
18:39:51,0.0184173583984375
18:39:54,0.0191192626953125
18:39:58,0.0181427001953125
18:40:01,0.0179595947265625
18:40:04,0.0182952880859375
18:40:07,0.0174713134765625
18:40:10,0.018157958984375
18:40:13,0.017852783203125
18:40:16,0.018951416015625
18:40:19,0.0189056396484375
18:40:22,0.01922607421875
18:40:25,0.018768310546875
18:40:28,0.0179290771484375
18:40:32,0.018798828125
18:40:35,0.0185546875
18:40:38,0.017303466796875
18:40:41,0.017852783203125
18:40:44,0.01849365234375
18:40:47,0.0188751220703125
18:40:50,0.018463134765625
18:40:53,0.0191650390625
18:40:56,0.018035888671875
18:40:59,0.0182952880859375
18:41:02,0.018585205078125
18:41:06,0.0191650390625
18:41:09,0.0173797607421875
18:41:12,0.0189056396484375
18:41:15,0.018524169921875
18:41:18,0.0186614990234375
18:41:21,0.018829345703125
18:41:24,0.0188751220703125
18:41:27,0.0200653076171875
18:41:30,0.018157958984375
18:41:33,0.019317626953125
18:41:36,0.0183868408203125
18:41:40,0.017425537109375
18:41:43,0.018218994140625
18:41:46,0.0191650390625
18:41:49,0.0186309814453125
18:41:52,0.01837158203125
18:41:55,0.019256591796875
18:41:58,0.017974853515625
18:42:01,0.020294189453125
18:42:04,0.0196380615234375
18:42:07,0.0197296142578125
18:42:10,0.01873779296875
18:42:14,0.0186920166015625
18:42:37,0.019561767578125
18:46:17,0.01837158203125
18:46:18,0.017913818359375
18:46:21,0.0184478759765625
18:46:24,0.0198211669921875
18:46:27,0.016357421875
18:46:30,0.0201263427734375
18:46:33,0.0171356201171875
18:46:37,0.022125244140625
18:46:40,0.0179901123046875
18:46:43,0.0187835693359375
18:46:46,0.0202484130859375
18:46:49,0.020263671875
18:46:52,0.0213165283203125
18:46:55,0.01806640625
18:46:58,0.018768310546875
18:47:01,0.018402099609375
18:47:04,0.0185089111328125
18:47:07,0.0164031982421875
18:47:11,0.0182952880859375
18:47:14,0.0186920166015625
18:47:17,0.019256591796875
18:47:20,0.0205535888671875
18:47:23,0.017181396484375
18:47:26,0.0168609619140625
18:47:29,0.0188751220703125
18:47:32,0.01922607421875
18:47:35,0.0206756591796875
18:47:38,0.0184783935546875
18:47:41,0.01873779296875
18:47:45,0.0186614990234375
18:47:48,0.0146942138671875
18:47:51,0.0186614990234375
18:47:54,0.018890380859375
18:47:57,0.0188446044921875
18:48:00,0.0193023681640625
18:48:03,0.01959228515625
18:48:06,0.018890380859375
18:48:09,0.018157958984375
18:48:12,0.0194244384765625
18:48:15,0.0177001953125
18:48:19,0.02001953125
18:48:22,0.0170745849609375
18:48:25,0.017578125
18:48:28,0.01806640625
18:48:31,0.017303466796875
18:48:34,0.0196990966796875
18:48:37,0.01959228515625
18:48:40,0.01910400390625
18:48:43,0.019927978515625
18:48:46,0.0186004638671875
18:48:49,0.0187530517578125
18:48:53,0.020233154296875
18:48:56,0.019195556640625
18:48:59,0.0199737548828125
18:49:02,0.019073486328125
18:49:05,0.0192413330078125
18:49:08,0.0194549560546875
18:49:11,0.0184326171875
18:49:14,0.018341064453125
18:49:17,0.01812744140625
18:49:20,0.0191802978515625
18:49:23,0.0193328857421875
18:49:27,0.0184783935546875
18:49:30,0.0184478759765625
18:49:33,0.0178985595703125
18:49:36,0.0195159912109375
18:49:39,0.019134521484375
18:49:42,0.018402099609375
18:49:45,0.0190277099609375
18:49:48,0.0184478759765625
18:49:51,0.0197906494140625
18:49:54,0.0196990966796875
18:49:57,0.0175628662109375
18:50:01,0.0195770263671875
18:50:04,0.0174560546875
18:50:07,0.0170745849609375
18:50:10,0.0197296142578125
18:50:13,0.019287109375
18:50:16,0.0197601318359375
18:50:19,0.020904541015625
18:50:22,0.0181884765625
18:50:25,0.01788330078125
18:50:28,0.0180206298828125
18:50:31,0.018890380859375
18:50:35,0.0147247314453125
18:50:38,0.0185546875
18:50:41,0.0195159912109375
18:50:49,-0.3775177001953125
18:50:50,-0.19952392578125
18:50:53,-0.1777801513671875
18:56:52,-0.0338897705078125
18:56:56,0.0162200927734375
18:56:59,0.0212860107421875
18:57:02,0.500946044921875
18:57:05,0.017669677734375
18:57:08,0.01568603515625
18:57:11,0.01800537109375
18:57:14,0.016021728515625
18:57:17,0.020843505859375
18:57:20,0.01934814453125
18:57:23,0.017303466796875
18:57:26,0.016265869140625
18:57:30,0.0169219970703125
18:57:33,0.0166778564453125
18:57:36,0.0179901123046875
18:57:39,0.0176544189453125
18:57:42,0.0180206298828125
18:57:45,0.0169525146484375
18:57:48,0.0152130126953125
18:57:51,0.0169677734375
18:57:54,0.016754150390625
18:57:57,0.017913818359375
18:58:01,0.0166168212890625
18:58:04,0.0178680419921875
18:58:07,0.0183868408203125
18:58:10,0.0177459716796875
18:58:13,0.0170745849609375
18:58:16,0.017730712890625
18:58:19,0.0178680419921875
18:58:22,0.0168914794921875
18:58:25,0.0178375244140625
18:58:28,0.0178985595703125
18:58:31,0.0178375244140625
18:58:35,0.0172576904296875
18:58:38,0.0183258056640625
18:58:41,0.0166168212890625
18:58:44,0.015716552734375
18:58:47,0.01702880859375
18:58:50,0.01715087890625
18:58:53,0.01611328125
18:58:56,0.0164031982421875
18:58:59,0.01641845703125
18:59:02,0.01593017578125
18:59:05,0.017547607421875
18:59:09,0.0179290771484375
18:59:12,0.0174407958984375
18:59:15,0.01776123046875
18:59:18,0.01751708984375
18:59:21,0.0190277099609375
18:59:24,0.01727294921875
18:59:27,0.016876220703125
18:59:30,0.017364501953125
18:59:33,0.0170440673828125
18:59:36,0.0177459716796875
18:59:39,0.0160980224609375
18:59:43,0.0168609619140625
18:59:46,0.0176849365234375
18:59:49,0.016754150390625
18:59:52,0.0165863037109375
18:59:55,0.0165557861328125
18:59:58,0.0151214599609375
19:00:01,0.01739501953125
19:00:04,0.0172882080078125
19:00:07,0.0177001953125
19:00:10,0.0168914794921875
19:00:12,0.016998291015625
19:00:16,0.016326904296875
19:00:19,0.016693115234375
19:00:22,0.01513671875
19:00:25,0.0165252685546875
19:00:28,0.01519775390625
19:00:31,0.0163421630859375
19:00:34,0.015533447265625
