Time,X,Y,Z
18:50:40,0.0185546875,-0.0426025390625,-0.98828125
18:50:49,-0.377517700195313,0.659133911132813,-0.307525634765625
18:50:52,-0.19952392578125,0.454727172851563,-0.068939208984375
18:50:55,-0.177780151367188,0.849472045898438,-0.241012573242188
18:56:54,-0.0338897705078125,-0.700927734375,-0.68719482421875
18:56:58,0.0162200927734375,-0.678131103515625,-0.71826171875
18:57:01,0.0212860107421875,-0.664962768554688,-0.7996826171875
18:57:04,0.500946044921875,-0.0264434814453125,-0.55755615234375
18:57:07,0.017669677734375,-0.0459747314453125,-0.991287231445313
18:57:10,0.01568603515625,-0.043487548828125,-0.99029541015625
18:57:13,0.01800537109375,-0.044342041015625,-0.990631103515625
18:57:16,0.016021728515625,-0.044677734375,-0.991683959960938
18:57:19,0.020843505859375,-0.0439453125,-0.991317749023438
18:57:22,0.01934814453125,-0.0442047119140625,-0.990798950195313
18:57:25,0.017303466796875,-0.0452423095703125,-0.992599487304688
18:57:28,0.016265869140625,-0.0449371337890625,-0.990875244140625
18:57:32,0.0169219970703125,-0.0447845458984375,-0.991897583007813
18:57:35,0.0166778564453125,-0.04327392578125,-0.991683959960938
18:57:38,0.0179901123046875,-0.0468292236328125,-0.990875244140625
18:57:41,0.0176544189453125,-0.0463714599609375,-0.992050170898438
18:57:44,0.0180206298828125,-0.045013427734375,-0.9925537109375
18:57:47,0.0169525146484375,-0.04571533203125,-0.9903564453125
18:57:50,0.0152130126953125,-0.0443878173828125,-0.993240356445313
18:57:53,0.0169677734375,-0.0429229736328125,-0.991302490234375
18:57:56,0.016754150390625,-0.0452880859375,-0.99169921875
18:57:59,0.017913818359375,-0.0440216064453125,-0.991165161132813
18:58:03,0.0166168212890625,-0.0455169677734375,-0.990814208984375
18:58:06,0.0178680419921875,-0.0449981689453125,-0.991744995117188
18:58:09,0.0183868408203125,-0.044158935546875,-0.991989135742188
18:58:12,0.0177459716796875,-0.0455322265625,-0.991622924804688
18:58:15,0.0170745849609375,-0.04296875,-0.991378784179688
18:58:18,0.017730712890625,-0.0455780029296875,-0.991256713867188
18:58:21,0.0178680419921875,-0.044891357421875,-0.990325927734375
18:58:24,0.0168914794921875,-0.045654296875,-0.991104125976563
18:58:27,0.0178375244140625,-0.0445404052734375,-0.991409301757813
18:58:30,0.0178985595703125,-0.045013427734375,-0.99127197265625
18:58:33,0.0178375244140625,-0.0440216064453125,-0.9913330078125
18:58:37,0.0172576904296875,-0.0439453125,-0.990692138671875
18:58:40,0.0183258056640625,-0.045074462890625,-0.99237060546875
18:58:43,0.0166168212890625,-0.045013427734375,-0.991287231445313
18:59:11,0.0179290771484375,-0.047393798828125,-0.9890594482421875
18:59:14,0.0174407958984375,-0.0459136962890625,-0.991607666015625
18:59:17,0.01776123046875,-0.04632568359375,-0.990753173828125
18:59:20,0.01751708984375,-0.044952392578125,-0.991119384765625
18:59:23,0.0190277099609375,-0.0461578369140625,-0.9906158447265625
18:59:26,0.01727294921875,-0.0456390380859375,-0.9910736083984375
18:59:29,0.016876220703125,-0.0458526611328125,-0.990325927734375
18:59:32,0.017364501953125,-0.04296875,-0.990142822265625
18:59:35,0.0170440673828125,-0.0449066162109375,-0.9903106689453125
18:59:38,0.0177459716796875,-0.0467071533203125,-0.9913177490234375
18:59:41,0.0160980224609375,-0.0443878173828125,-0.9901123046875
18:59:45,0.0168609619140625,-0.0458526611328125,-0.9893035888671875
18:59:48,0.0176849365234375,-0.0467376708984375,-0.9908447265625
18:59:51,0.016754150390625,-0.0437164306640625,-0.990875244140625
18:59:54,0.0165863037109375,-0.04376220703125,-0.9898223876953125
18:59:57,0.0165557861328125,-0.045379638671875,-0.9918670654296875
19:00:00,0.0151214599609375,-0.04669189453125,-0.9907379150390625
19:00:03,0.01739501953125,-0.0443115234375,-0.989898681640625
19:00:06,0.0172882080078125,-0.045196533203125,-0.992156982421875
19:00:09,0.0177001953125,-0.04473876953125,-0.990509033203125
19:00:14,0.016998291015625,-0.0447998046875,-0.99169921875
19:00:18,0.016326904296875,-0.0465545654296875,-0.9918060302734375
19:00:21,0.016693115234375,-0.044158935546875,-0.9907073974609375
19:00:24,0.01513671875,-0.0449066162109375,-0.9894866943359375
19:00:27,0.0165252685546875,-0.045806884765625,-0.990570068359375
19:00:30,0.01519775390625,-0.0449981689453125,-0.9910888671875
19:00:33,0.0163421630859375,-0.0445709228515625,-0.9902801513671875
19:00:36,0.015533447265625,-0.04388427734375,-0.991546630859375
