time,value
2026-08-31T06:18:47.286Z,"{""lat"":-33.95808416054041,""lon"":150.95345701727294}"
2026-08-31T06:18:48.301Z,"{""lat"":-33.95808416054041,""lon"":150.95345701727294}"
2026-08-31T06:18:49.301Z,"{""lat"":-33.95808416054041,""lon"":150.95345701727294}"
2026-08-31T06:18:50.301Z,"{""lat"":-33.95808416054041,""lon"":150.95345701727294}"
2026-08-31T06:18:51.301Z,"{""lat"":-33.95808416054041,""lon"":150.95345701727294}"
2026-08-31T06:18:52.301Z,"{""lat"":-33.95808416054041,""lon"":150.95345701727294}"
2026-08-31T06:18:53.302Z,"{""lat"":-33.95808416054041,""lon"":150.95345701727294}"
2026-08-31T06:18:54.302Z,"{""lat"":-33.95808416054041,""lon"":150.95345701727294}"
2026-08-31T06:18:55.302Z,"{""lat"":-33.95808416054041,""lon"":150.95345701727294}"
2026-08-31T06:18:56.302Z,"{""lat"":-33.95808416054041,""lon"":150.95345701727294}"
2026-08-31T06:18:57.303Z,"{""lat"":-33.95808416054041,""lon"":150.95345701727294}"
2026-08-31T06:18:58.303Z,"{""lat"":-33.95808416054041,""lon"":150.95345701727294}"
2026-08-31T06:18:59.303Z,"{""lat"":-33.95808416054041,""lon"":150.95345701727294}"
2026-08-31T06:19:00.303Z,"{""lat"":-33.95808416054041,""lon"":150.95345701727294}"
2026-08-31T06:19:01.303Z,"{""lat"":-33.95808416054041,""lon"":150.95345701727294}"
2026-08-31T06:19:02.304Z,"{""lat"":-33.95808416054041,""lon"":150.95345701727294}"
2026-08-31T06:19:03.304Z,"{""lat"":-33.95808416054041,""lon"":150.95345701727294}"
2026-08-31T06:19:04.304Z,"{""lat"":-33.95808416054041,""lon"":150.95345701727294}"
2026-08-31T06:19:05.304Z,"{""lat"":-33.95808416054041,""lon"":150.95345701727294}"
2026-08-31T06:19:06.305Z,"{""lat"":-33.95808416054041,""lon"":150.95345701727294}"
2026-08-31T06:19:07.305Z,"{""lat"":-33.95808416054041,""lon"":150.95345701727294}"
2026-08-31T06:19:08.305Z,"{""lat"":-33.95808416054041,""lon"":150.95345701727294}"
2026-08-31T06:19:09.305Z,"{""lat"":-33.95808416054041,""lon"":150.95345701727294}"
2026-08-31T06:19:10.306Z,"{""lat"":-33.95808416054041,""lon"":150.95345701727294}"
2026-08-31T06:19:11.306Z,"{""lat"":-33.95808416054041,""lon"":150.95345701727294}"
2026-08-31T06:19:12.306Z,"{""lat"":-33.95808416054041,""lon"":150.95345701727294}"
2026-08-31T06:19:13.306Z,"{""lat"":-33.95808416054041,""lon"":150.95345701727294}"
2026-08-31T06:19:14.306Z,"{""lat"":-33.95808416054041,""lon"":150.95345701727294}"
2026-08-31T06:19:15.307Z,"{""lat"":-33.95808416054041,""lon"":150.95345701727294}"
2026-08-31T06:19:16.307Z,"{""lat"":-33.95808416054041,""lon"":150.95345701727294}"
2026-08-31T06:19:17.307Z,"{""lat"":-33.95808416054041,""lon"":150.95345701727294}"
2026-08-31T06:19:18.307Z,"{""lat"":-33.95808416054041,""lon"":150.95345701727294}"
2026-08-31T06:19:19.308Z,"{""lat"":-33.95808416054041,""lon"":150.95345701727294}"
2026-08-31T06:19:20.308Z,"{""lat"":-33.95808416054041,""lon"":150.95345701727294}"
2026-08-31T06:19:21.308Z,"{""lat"":-33.95808416054041,""lon"":150.95345701727294}"
2026-08-31T06:19:22.308Z,"{""lat"":-33.95808416054041,""lon"":150.95345701727294}"
2026-08-31T06:19:23.308Z,"{""lat"":-33.95808416054041,""lon"":150.95345701727294}"
2026-08-31T06:19:24.309Z,"{""lat"":-33.95808416054041,""lon"":150.95345701727294}"
2026-08-31T06:19:25.309Z,"{""lat"":-33.95808416054041,""lon"":150.95345701727294}"
2026-08-31T06:19:26.309Z,"{""lat"":-33.95808416054041,""lon"":150.95345701727294}"
2026-08-31T06:19:27.309Z,"{""lat"":-33.95808416054041,""lon"":150.95345701727294}"
2026-08-31T06:19:28.31Z,"{""lat"":-33.95808416054041,""lon"":150.95345701727294}"
2026-08-31T06:19:29.31Z,"{""lat"":-33.95808416054041,""lon"":150.95345701727294}"
2026-08-31T06:19:30.311Z,"{""lat"":-33.95808416054041,""lon"":150.95345701727294}"
2026-08-31T06:19:31.31Z,"{""lat"":-33.95808416054041,""lon"":150.95345701727294}"
2026-08-31T06:19:32.311Z,"{""lat"":-33.95808416054041,""lon"":150.95345701727294}"
2026-08-31T06:19:33.311Z,"{""lat"":-33.95808416054041,""lon"":150.95345701727294}"
2026-08-31T06:19:34.311Z,"{""lat"":-33.95808416054041,""lon"":150.95345701727294}"
2026-08-31T06:19:35.311Z,"{""lat"":-33.95808416054041,""lon"":150.95345701727294}"
2026-08-31T06:19:36.311Z,"{""lat"":-33.95808416054041,""lon"":150.95345701727294}"
2026-08-31T06:19:37.312Z,"{""lat"":-33.95808416054041,""lon"":150.95345701727294}"
2026-08-31T06:19:38.312Z,"{""lat"":-33.95808416054041,""lon"":150.95345701727294}"
2026-08-31T06:19:39.312Z,"{""lat"":-33.95808416054041,""lon"":150.95345701727294}"
2026-08-31T06:19:40.312Z,"{""lat"":-33.95808416054041,""lon"":150.95345701727294}"
2026-08-31T06:19:41.313Z,"{""lat"":-33.95808416054041,""lon"":150.95345701727294}"
2026-08-31T06:19:42.313Z,"{""lat"":-33.95808416054041,""lon"":150.95345701727294}"
2026-08-31T06:19:43.313Z,"{""lat"":-33.95808416054041,""lon"":150.95345701727294}"
2026-08-31T06:19:44.313Z,"{""lat"":-33.95808416054041,""lon"":150.95345701727294}"
2026-08-31T06:19:45.314Z,"{""lat"":-33.95808416054041,""lon"":150.95345701727294}"
2026-08-31T06:19:46.314Z,"{""lat"":-33.95808416054041,""lon"":150.95345701727294}"
2026-08-31T06:19:47.314Z,"{""lat"":-33.95808416054041,""lon"":150.95345701727294}"
2026-08-31T06:19:48.314Z,"{""lat"":-33.95808416054041,""lon"":150.95345701727294}"
2026-08-31T06:19:49.314Z,"{""lat"":-33.95808416054041,""lon"":150.95345701727294}"
2026-08-31T06:19:50.315Z,"{""lat"":-33.95808416054041,""lon"":150.95345701727294}"
2026-08-31T06:19:51.315Z,"{""lat"":-33.95808416054041,""lon"":150.95345701727294}"
2026-08-31T06:19:52.315Z,"{""lat"":-33.95808416054041,""lon"":150.95345701727294}"
2026-08-31T06:19:53.315Z,"{""lat"":-33.95808416054041,""lon"":150.95345701727294}"
2026-08-31T06:19:54.315Z,"{""lat"":-33.95808416054041,""lon"":150.95345701727294}"
2026-08-31T06:19:55.316Z,"{""lat"":-33.95808416054041,""lon"":150.95345701727294}"
2026-08-31T06:19:56.316Z,"{""lat"":-33.95808416054041,""lon"":150.95345701727294}"
2026-08-31T06:19:57.316Z,"{""lat"":-33.95808416054041,""lon"":150.95345701727294}"
2026-08-31T06:19:58.316Z,"{""lat"":-33.95808416054041,""lon"":150.95345701727294}"
2026-08-31T06:19:59.317Z,"{""lat"":-33.95808416054041,""lon"":150.95345701727294}"
2026-08-31T06:20:00.317Z,"{""lat"":-33.95808416054041,""lon"":150.95345701727294}"
2026-08-31T06:20:01.317Z,"{""lat"":-33.95808416054041,""lon"":150.95345701727294}"
2026-08-31T06:20:02.317Z,"{""lat"":-33.95808416054041,""lon"":150.95345701727294}"
2026-08-31T06:20:03.317Z,"{""lat"":-33.95808416054041,""lon"":150.95345701727294}"
2026-08-31T06:20:04.318Z,"{""lat"":-33.95808416054041,""lon"":150.95345701727294}"
2026-08-31T06:20:05.318Z,"{""lat"":-33.95808416054041,""lon"":150.95345701727294}"
2026-08-31T06:20:06.318Z,"{""lat"":-33.95808416054041,""lon"":150.95345701727294}"
2026-08-31T06:20:07.318Z,"{""lat"":-33.95808416054041,""lon"":150.95345701727294}"
2026-08-31T06:20:08.319Z,"{""lat"":-33.95808416054041,""lon"":150.95345701727294}"
2026-08-31T06:20:09.319Z,"{""lat"":-33.95808416054041,""lon"":150.95345701727294}"
2026-08-31T06:20:10.319Z,"{""lat"":-33.95808416054041,""lon"":150.95345701727294}"
2026-08-31T06:20:11.319Z,"{""lat"":-33.95808416054041,""lon"":150.95345701727294}"
2026-08-31T06:20:12.319Z,"{""lat"":-33.95808416054041,""lon"":150.95345701727294}"
2026-08-31T06:20:13.32Z,"{""lat"":-33.95808416054041,""lon"":150.95345701727294}"
2026-08-31T06:20:14.32Z,"{""lat"":-33.95808416054041,""lon"":150.95345701727294}"
2026-08-31T06:20:15.32Z,"{""lat"":-33.95808416054041,""lon"":150.95345701727294}"
2026-08-31T06:20:16.32Z,"{""lat"":-33.95808416054041,""lon"":150.95345701727294}"
2026-08-31T06:20:17.321Z,"{""lat"":-33.95808416054041,""lon"":150.95345701727294}"
2026-08-31T06:20:18.321Z,"{""lat"":-33.95808416054041,""lon"":150.95345701727294}"
2026-08-31T06:20:19.321Z,"{""lat"":-33.95808416054041,""lon"":150.95345701727294}"
2026-08-31T06:20:20.321Z,"{""lat"":-33.95808416054041,""lon"":150.95345701727294}"
2026-08-31T06:20:21.322Z,"{""lat"":-33.95808416054041,""lon"":150.95345701727294}"
2026-08-31T06:20:22.322Z,"{""lat"":-33.95808416054041,""lon"":150.95345701727294}"
2026-08-31T06:20:23.322Z,"{""lat"":-33.95808416054041,""lon"":150.95345701727294}"
2026-08-31T06:20:24.322Z,"{""lat"":-33.95808416054041,""lon"":150.95345701727294}"
2026-08-31T06:20:25.322Z,"{""lat"":-33.95808416054041,""lon"":150.95345701727294}"
2026-08-31T06:20:26.323Z,"{""lat"":-33.95808416054041,""lon"":150.95345701727294}"
2026-08-31T06:20:27.323Z,"{""lat"":-33.95808416054041,""lon"":150.95345701727294}"
2026-08-31T06:20:28.323Z,"{""lat"":-33.95808416054041,""lon"":150.95345701727294}"
2026-08-31T06:20:29.323Z,"{""lat"":-33.95808416054041,""lon"":150.95345701727294}"
2026-08-31T06:20:30.324Z,"{""lat"":-33.95808416054041,""lon"":150.95345701727294}"
2026-08-31T06:20:31.324Z,"{""lat"":-33.95808416054041,""lon"":150.95345701727294}"
2026-08-31T06:20:32.324Z,"{""lat"":-33.95808416054041,""lon"":150.95345701727294}"
2026-08-31T06:20:33.324Z,"{""lat"":-33.95808416054041,""lon"":150.95345701727294}"
2026-08-31T06:20:34.324Z,"{""lat"":-33.95808416054041,""lon"":150.95345701727294}"
2026-08-31T06:20:35.325Z,"{""lat"":-33.95808416054041,""lon"":150.95345701727294}"
2026-08-31T06:20:36.325Z,"{""lat"":-33.95808416054041,""lon"":150.95345701727294}"
2026-08-31T06:20:37.325Z,"{""lat"":-33.95808416054041,""lon"":150.95345701727294}"
2026-08-31T06:20:38.325Z,"{""lat"":-33.95808416054041,""lon"":150.95345701727294}"
2026-08-31T06:20:39.326Z,"{""lat"":-33.95808416054041,""lon"":150.95345701727294}"
2026-08-31T06:20:40.326Z,"{""lat"":-33.95808416054041,""lon"":150.95345701727294}"
2026-08-31T06:20:41.326Z,"{""lat"":-33.95808416054041,""lon"":150.95345701727294}"
2026-08-31T06:20:42.326Z,"{""lat"":-33.95808416054041,""lon"":150.95345701727294}"
2026-08-31T06:20:43.327Z,"{""lat"":-33.95808416054041,""lon"":150.95345701727294}"
2026-08-31T06:20:44.327Z,"{""lat"":-33.95808416054041,""lon"":150.95345701727294}"
2026-08-31T06:20:45.327Z,"{""lat"":-33.95808416054041,""lon"":150.95345701727294}"
2026-08-31T06:20:46.327Z,"{""lat"":-33.95808416054041,""lon"":150.95345701727294}"
2026-08-31T06:20:47.327Z,"{""lat"":-33.95808416054041,""lon"":150.95345701727294}"
2026-08-31T06:20:48.328Z,"{""lat"":-33.95808416054041,""lon"":150.95345701727294}"
2026-08-31T06:20:49.328Z,"{""lat"":-33.95808416054041,""lon"":150.95345701727294}"
2026-08-31T06:20:50.328Z,"{""lat"":-33.95808416054041,""lon"":150.95345701727294}"
2026-08-31T06:20:51.328Z,"{""lat"":-33.95808416054041,""lon"":150.95345701727294}"
2026-08-31T06:20:52.328Z,"{""lat"":-33.95808416054041,""lon"":150.95345701727294}"
2026-08-31T06:20:53.329Z,"{""lat"":-33.95808416054041,""lon"":150.95345701727294}"
2026-08-31T06:20:54.329Z,"{""lat"":-33.95808416054041,""lon"":150.95345701727294}"
2026-08-31T06:20:55.329Z,"{""lat"":-33.95808416054041,""lon"":150.95345701727294}"
2026-08-31T06:20:56.329Z,"{""lat"":-33.95808416054041,""lon"":150.95345701727294}"
2026-08-31T06:20:57.33Z,"{""lat"":-33.95808416054041,""lon"":150.95345701727294}"
2026-08-31T06:20:58.33Z,"{""lat"":-33.95808416054041,""lon"":150.95345701727294}"
2026-08-31T06:20:59.33Z,"{""lat"":-33.95808416054041,""lon"":150.95345701727294}"
2026-08-31T06:21:00.33Z,"{""lat"":-33.95808416054041,""lon"":150.95345701727294}"
2026-08-31T06:21:01.331Z,"{""lat"":-33.95808416054041,""lon"":150.95345701727294}"
2026-08-31T06:21:02.331Z,"{""lat"":-33.95808416054041,""lon"":150.95345701727294}"
2026-08-31T06:21:03.331Z,"{""lat"":-33.95808416054041,""lon"":150.95345701727294}"
2026-08-31T06:21:04.331Z,"{""lat"":-33.95808416054041,""lon"":150.95345701727294}"
2026-08-31T06:21:05.331Z,"{""lat"":-33.95808416054041,""lon"":150.95345701727294}"
2026-08-31T06:21:06.332Z,"{""lat"":-33.95808416054041,""lon"":150.95345701727294}"
2026-08-31T06:21:07.332Z,"{""lat"":-33.95808416054041,""lon"":150.95345701727294}"
2026-08-31T06:21:08.332Z,"{""lat"":-33.95808416054041,""lon"":150.95345701727294}"
2026-08-31T06:21:09.332Z,"{""lat"":-33.95808416054041,""lon"":150.95345701727294}"
2026-08-31T06:21:10.333Z,"{""lat"":-33.95808416054041,""lon"":150.95345701727294}"
2026-08-31T06:21:11.333Z,"{""lat"":-33.95808416054041,""lon"":150.95345701727294}"
2026-08-31T06:21:12.333Z,"{""lat"":-33.95808416054041,""lon"":150.95345701727294}"
2026-08-31T06:21:13.333Z,"{""lat"":-33.95808416054041,""lon"":150.95345701727294}"
2026-08-31T06:21:14.333Z,"{""lat"":-33.95808416054041,""lon"":150.95345701727294}"
2026-08-31T06:21:15.334Z,"{""lat"":-33.95808416054041,""lon"":150.95345701727294}"
2026-08-31T06:21:16.334Z,"{""lat"":-33.95808416054041,""lon"":150.95345701727294}"
2026-08-31T06:21:17.334Z,"{""lat"":-33.95808416054041,""lon"":150.95345701727294}"
2026-08-31T06:21:18.334Z,"{""lat"":-33.95808416054041,""lon"":150.95345701727294}"
2026-08-31T06:21:19.335Z,"{""lat"":-33.95808416054041,""lon"":150.95345701727294}"
2026-08-31T06:21:20.335Z,"{""lat"":-33.95808416054041,""lon"":150.95345701727294}"
2026-08-31T06:21:21.335Z,"{""lat"":-33.95808416054041,""lon"":150.95345701727294}"
2026-08-31T06:21:22.335Z,"{""lat"":-33.95808416054041,""lon"":150.95345701727294}"
2026-08-31T06:21:23.335Z,"{""lat"":-33.95808416054041,""lon"":150.95345701727294}"
2026-08-31T06:21:24.336Z,"{""lat"":-33.95808416054041,""lon"":150.95345701727294}"
2026-08-31T06:21:25.336Z,"{""lat"":-33.95808416054041,""lon"":150.95345701727294}"
2026-08-31T06:21:26.336Z,"{""lat"":-33.95808416054041,""lon"":150.95345701727294}"
2026-08-31T06:21:27.336Z,"{""lat"":-33.95808416054041,""lon"":150.95345701727294}"
2026-08-31T06:21:28.337Z,"{""lat"":-33.95808416054041,""lon"":150.95345701727294}"
2026-08-31T06:21:29.337Z,"{""lat"":-33.95808416054041,""lon"":150.95345701727294}"
2026-08-31T06:21:30.337Z,"{""lat"":-33.95808416054041,""lon"":150.95345701727294}"
2026-08-31T06:21:31.337Z,"{""lat"":-33.95808416054041,""lon"":150.95345701727294}"
2026-08-31T06:21:32.338Z,"{""lat"":-33.95808416054041,""lon"":150.95345701727294}"
2026-08-31T06:21:33.338Z,"{""lat"":-33.95808416054041,""lon"":150.95345701727294}"
2026-08-31T06:21:34.338Z,"{""lat"":-33.95808416054041,""lon"":150.95345701727294}"
2026-08-31T06:21:35.338Z,"{""lat"":-33.95808416054041,""lon"":150.95345701727294}"
2026-08-31T06:21:36.338Z,"{""lat"":-33.95808416054041,""lon"":150.95345701727294}"
2026-08-31T06:21:37.339Z,"{""lat"":-33.95808416054041,""lon"":150.95345701727294}"
2026-08-31T06:21:38.339Z,"{""lat"":-33.95808416054041,""lon"":150.95345701727294}"
2026-08-31T06:21:39.339Z,"{""lat"":-33.9580797130813,""lon"":150.9534952656446}"
2026-08-31T06:21:40.339Z,"{""lat"":-33.9580797130813,""lon"":150.9534952656446}"
2026-08-31T06:21:41.339Z,"{""lat"":-33.9580797130813,""lon"":150.9534952656446}"
2026-08-31T06:21:42.34Z,"{""lat"":-33.9580797130813,""lon"":150.9534952656446}"
2026-08-31T06:21:43.34Z,"{""lat"":-33.9580797130813,""lon"":150.9534952656446}"
2026-08-31T06:21:44.34Z,"{""lat"":-33.9580797130813,""lon"":150.9534952656446}"
2026-08-31T06:21:45.34Z,"{""lat"":-33.9580797130813,""lon"":150.9534952656446}"
2026-08-31T06:21:46.341Z,"{""lat"":-33.9580797130813,""lon"":150.9534952656446}"
2026-08-31T06:21:47.341Z,"{""lat"":-33.9580797130813,""lon"":150.9534952656446}"
2026-08-31T06:21:48.341Z,"{""lat"":-33.9580797130813,""lon"":150.9534952656446}"
2026-08-31T06:21:49.341Z,"{""lat"":-33.9580797130813,""lon"":150.9534952656446}"
2026-08-31T06:21:50.342Z,"{""lat"":-33.9580797130813,""lon"":150.9534952656446}"
2026-08-31T06:21:51.342Z,"{""lat"":-33.95808155303329,""lon"":150.95349860195046}"
2026-08-31T06:21:52.342Z,"{""lat"":-33.95808155303329,""lon"":150.95349860195046}"
2026-08-31T06:21:53.342Z,"{""lat"":-33.95808155303329,""lon"":150.95349860195046}"
2026-08-31T06:21:54.342Z,"{""lat"":-33.95808176130642,""lon"":150.95349897968518}"
2026-08-31T06:21:55.343Z,"{""lat"":-33.95808176130642,""lon"":150.95349897968518}"
2026-08-31T06:21:56.343Z,"{""lat"":-33.95808176130642,""lon"":150.95349897968518}"
2026-08-31T06:21:57.343Z,"{""lat"":-33.95808176130642,""lon"":150.95349897968518}"
2026-08-31T06:21:58.343Z,"{""lat"":-33.95808176130642,""lon"":150.95349897968518}"
2026-08-31T06:21:59.344Z,"{""lat"":-33.95808176130642,""lon"":150.95349897968518}"
2026-08-31T06:22:00.344Z,"{""lat"":-33.95808176130642,""lon"":150.95349897968518}"
2026-08-31T06:22:01.344Z,"{""lat"":-33.95808176130642,""lon"":150.95349897968518}"
2026-08-31T06:22:02.344Z,"{""lat"":-33.95808176130642,""lon"":150.95349897968518}"
2026-08-31T06:22:03.345Z,"{""lat"":-33.95808176130642,""lon"":150.95349897968518}"
2026-08-31T06:22:04.345Z,"{""lat"":-33.95808176130642,""lon"":150.95349897968518}"
2026-08-31T06:22:05.345Z,"{""lat"":-33.95808176130642,""lon"":150.95349897968518}"
2026-08-31T06:22:06.345Z,"{""lat"":-33.95808176130642,""lon"":150.95349897968518}"
2026-08-31T06:22:07.345Z,"{""lat"":-33.95808176130642,""lon"":150.95349897968518}"
2026-08-31T06:22:08.346Z,"{""lat"":-33.9580822312016,""lon"":150.9534998317001}"
2026-08-31T06:22:09.346Z,"{""lat"":-33.9580822312016,""lon"":150.9534998317001}"
2026-08-31T06:22:10.346Z,"{""lat"":-33.9580822312016,""lon"":150.9534998317001}"
2026-08-31T06:22:11.346Z,"{""lat"":-33.9580822312016,""lon"":150.9534998317001}"
2026-08-31T06:22:12.346Z,"{""lat"":-33.9580822312016,""lon"":150.9534998317001}"
2026-08-31T06:22:13.347Z,"{""lat"":-33.9580822312016,""lon"":150.9534998317001}"
2026-08-31T06:22:14.347Z,"{""lat"":-33.9580822312016,""lon"":150.9534998317001}"
2026-08-31T06:22:15.347Z,"{""lat"":-33.9580822312016,""lon"":150.9534998317001}"
2026-08-31T06:22:16.347Z,"{""lat"":-33.9580822312016,""lon"":150.9534998317001}"
2026-08-31T06:22:17.348Z,"{""lat"":-33.9580822312016,""lon"":150.9534998317001}"
2026-08-31T06:22:18.348Z,"{""lat"":-33.9580822312016,""lon"":150.9534998317001}"
2026-08-31T06:22:19.348Z,"{""lat"":-33.9580822312016,""lon"":150.9534998317001}"
2026-08-31T06:22:20.348Z,"{""lat"":-33.9580822312016,""lon"":150.9534998317001}"
2026-08-31T06:22:21.349Z,"{""lat"":-33.9580822312016,""lon"":150.9534998317001}"
2026-08-31T06:22:22.349Z,"{""lat"":-33.9580822312016,""lon"":150.9534998317001}"
2026-08-31T06:22:23.349Z,"{""lat"":-33.95808242929593,""lon"":150.95350019086098}"
2026-08-31T06:22:24.349Z,"{""lat"":-33.95808242929593,""lon"":150.95350019086098}"
2026-08-31T06:22:25.349Z,"{""lat"":-33.95808242929593,""lon"":150.95350019086098}"
2026-08-31T06:22:26.35Z,"{""lat"":-33.95808242929593,""lon"":150.95350019086098}"
2026-08-31T06:22:27.35Z,"{""lat"":-33.95808242929593,""lon"":150.95350019086098}"
2026-08-31T06:22:28.35Z,"{""lat"":-33.95808242929593,""lon"":150.95350019086098}"
2026-08-31T06:22:29.35Z,"{""lat"":-33.95808242929593,""lon"":150.95350019086098}"
2026-08-31T06:22:30.351Z,"{""lat"":-33.95808242929593,""lon"":150.95350019086098}"
2026-08-31T06:22:31.351Z,"{""lat"":-33.95808242929593,""lon"":150.95350019086098}"
2026-08-31T06:22:32.351Z,"{""lat"":-33.95808242929593,""lon"":150.95350019086098}"
2026-08-31T06:22:33.351Z,"{""lat"":-33.95808242929593,""lon"":150.95350019086098}"
2026-08-31T06:22:34.351Z,"{""lat"":-33.95808242929593,""lon"":150.95350019086098}"
2026-08-31T06:22:35.352Z,"{""lat"":-33.95808242929593,""lon"":150.95350019086098}"
2026-08-31T06:22:36.352Z,"{""lat"":-33.95808242929593,""lon"":150.95350019086098}"
2026-08-31T06:22:37.352Z,"{""lat"":-33.95808242929593,""lon"":150.95350019086098}"
2026-08-31T06:22:38.352Z,"{""lat"":-33.958082556406325,""lon"":150.95350042132492}"
2026-08-31T06:22:39.353Z,"{""lat"":-33.958082556406325,""lon"":150.95350042132492}"
2026-08-31T06:22:40.353Z,"{""lat"":-33.958082556406325,""lon"":150.95350042132492}"
2026-08-31T06:22:41.353Z,"{""lat"":-33.958082556406325,""lon"":150.95350042132492}"
2026-08-31T06:22:42.353Z,"{""lat"":-33.958082556406325,""lon"":150.95350042132492}"
2026-08-31T06:22:43.354Z,"{""lat"":-33.958082556406325,""lon"":150.95350042132492}"
2026-08-31T06:22:44.354Z,"{""lat"":-33.958082556406325,""lon"":150.95350042132492}"
2026-08-31T06:22:45.355Z,"{""lat"":-33.958082556406325,""lon"":150.95350042132492}"
2026-08-31T06:22:46.354Z,"{""lat"":-33.958082556406325,""lon"":150.95350042132492}"
2026-08-31T06:22:47.354Z,"{""lat"":-33.958082556406325,""lon"":150.95350042132492}"
2026-08-31T06:22:48.355Z,"{""lat"":-33.958082556406325,""lon"":150.95350042132492}"
2026-08-31T06:22:49.355Z,"{""lat"":-33.958082556406325,""lon"":150.95350042132492}"
2026-08-31T06:22:50.355Z,"{""lat"":-33.958082556406325,""lon"":150.95350042132492}"
2026-08-31T06:22:51.355Z,"{""lat"":-33.958082556406325,""lon"":150.95350042132492}"
2026-08-31T06:22:52.356Z,"{""lat"":-33.958082556406325,""lon"":150.95350042132492}"
2026-08-31T06:22:53.356Z,"{""lat"":-33.958082557663026,""lon"":150.9535004235369}"
2026-08-31T06:22:54.356Z,"{""lat"":-33.958082557663026,""lon"":150.9535004235369}"
2026-08-31T06:22:55.356Z,"{""lat"":-33.958082557663026,""lon"":150.9535004235369}"
2026-08-31T06:22:56.356Z,"{""lat"":-33.958082557663026,""lon"":150.9535004235369}"
2026-08-31T06:22:57.357Z,"{""lat"":-33.958082557663026,""lon"":150.9535004235369}"
2026-08-31T06:22:58.357Z,"{""lat"":-33.958082557663026,""lon"":150.9535004235369}"
2026-08-31T06:22:59.357Z,"{""lat"":-33.958082557663026,""lon"":150.9535004235369}"
2026-08-31T06:23:00.357Z,"{""lat"":-33.958082557663026,""lon"":150.9535004235369}"
2026-08-31T06:23:01.358Z,"{""lat"":-33.958082557663026,""lon"":150.9535004235369}"
2026-08-31T06:23:02.358Z,"{""lat"":-33.958082557663026,""lon"":150.9535004235369}"
2026-08-31T06:23:03.358Z,"{""lat"":-33.958082557663026,""lon"":150.9535004235369}"
2026-08-31T06:23:04.358Z,"{""lat"":-33.958082557663026,""lon"":150.9535004235369}"
2026-08-31T06:23:05.358Z,"{""lat"":-33.958082557663026,""lon"":150.9535004235369}"
2026-08-31T06:23:06.359Z,"{""lat"":-33.958082557663026,""lon"":150.9535004235369}"
2026-08-31T06:23:07.359Z,"{""lat"":-33.958082557663026,""lon"":150.9535004235369}"
2026-08-31T06:23:08.359Z,"{""lat"":-33.95808253529923,""lon"":150.95350038291818}"
2026-08-31T06:23:09.359Z,"{""lat"":-33.95808253529923,""lon"":150.95350038291818}"
2026-08-31T06:23:10.36Z,"{""lat"":-33.95808253529923,""lon"":150.95350038291818}"
2026-08-31T06:23:11.36Z,"{""lat"":-33.95808253529923,""lon"":150.95350038291818}"
2026-08-31T06:23:12.36Z,"{""lat"":-33.95808253529923,""lon"":150.95350038291818}"
2026-08-31T06:23:13.36Z,"{""lat"":-33.95808253529923,""lon"":150.95350038291818}"
2026-08-31T06:23:14.36Z,"{""lat"":-33.95808253529923,""lon"":150.95350038291818}"
2026-08-31T06:23:15.361Z,"{""lat"":-33.95808253529923,""lon"":150.95350038291818}"
2026-08-31T06:23:16.361Z,"{""lat"":-33.95808253529923,""lon"":150.95350038291818}"
2026-08-31T06:23:17.361Z,"{""lat"":-33.95808253529923,""lon"":150.95350038291818}"
2026-08-31T06:23:18.361Z,"{""lat"":-33.95808253529923,""lon"":150.95350038291818}"
2026-08-31T06:23:19.362Z,"{""lat"":-33.95808253529923,""lon"":150.95350038291818}"
2026-08-31T06:23:20.362Z,"{""lat"":-33.95808253529923,""lon"":150.95350038291818}"
2026-08-31T06:23:21.362Z,"{""lat"":-33.95808253529923,""lon"":150.95350038291818}"
2026-08-31T06:23:22.362Z,"{""lat"":-33.95808253529923,""lon"":150.95350038291818}"
2026-08-31T06:23:23.363Z,"{""lat"":-33.95808245000881,""lon"":150.953500236739}"
2026-08-31T06:23:24.363Z,"{""lat"":-33.95808245000881,""lon"":150.953500236739}"
2026-08-31T06:23:25.363Z,"{""lat"":-33.95808245000881,""lon"":150.953500236739}"
2026-08-31T06:23:26.363Z,"{""lat"":-33.95808245000881,""lon"":150.953500236739}"
2026-08-31T06:23:27.363Z,"{""lat"":-33.958084557267036,""lon"":150.9535040505806}"
2026-08-31T06:23:28.364Z,"{""lat"":-33.958084557267036,""lon"":150.9535040505806}"
2026-08-31T06:23:29.364Z,"{""lat"":-33.958084557267036,""lon"":150.9535040505806}"
2026-08-31T06:23:30.364Z,"{""lat"":-33.958084557267036,""lon"":150.9535040505806}"
2026-08-31T06:23:31.364Z,"{""lat"":-33.958084557267036,""lon"":150.9535040505806}"
2026-08-31T06:23:32.364Z,"{""lat"":-33.958084557267036,""lon"":150.9535040505806}"
2026-08-31T06:23:33.365Z,"{""lat"":-33.958084557267036,""lon"":150.9535040505806}"
2026-08-31T06:23:34.365Z,"{""lat"":-33.958084557267036,""lon"":150.9535040505806}"
2026-08-31T06:23:35.365Z,"{""lat"":-33.958084557267036,""lon"":150.9535040505806}"
2026-08-31T06:23:36.365Z,"{""lat"":-33.958084557267036,""lon"":150.9535040505806}"
2026-08-31T06:23:37.366Z,"{""lat"":-33.958084557267036,""lon"":150.9535040505806}"
2026-08-31T06:23:38.366Z,"{""lat"":-33.958084557267036,""lon"":150.9535040505806}"
2026-08-31T06:23:39.366Z,"{""lat"":-33.958084557267036,""lon"":150.9535040505806}"
2026-08-31T06:23:40.366Z,"{""lat"":-33.958084557267036,""lon"":150.9535040505806}"
2026-08-31T06:23:41.367Z,"{""lat"":-33.958084557267036,""lon"":150.9535040505806}"
2026-08-31T06:23:42.367Z,"{""lat"":-33.958084557267036,""lon"":150.9535040505806}"
2026-08-31T06:23:43.367Z,"{""lat"":-33.958084557267036,""lon"":150.9535040505806}"
2026-08-31T06:23:44.367Z,"{""lat"":-33.958084557267036,""lon"":150.9535040505806}"
2026-08-31T06:23:45.372Z,"{""lat"":-33.958084557267036,""lon"":150.9535040505806}"
2026-08-31T06:23:46.373Z,"{""lat"":-33.958084557267036,""lon"":150.9535040505806}"
2026-08-31T06:23:47.373Z,"{""lat"":-33.958084557267036,""lon"":150.9535040505806}"
2026-08-31T06:23:48.373Z,"{""lat"":-33.958084557267036,""lon"":150.9535040505806}"
2026-08-31T06:23:49.373Z,"{""lat"":-33.958084557267036,""lon"":150.9535040505806}"
2026-08-31T06:23:50.373Z,"{""lat"":-33.958084557267036,""lon"":150.9535040505806}"
2026-08-31T06:23:51.374Z,"{""lat"":-33.958084557267036,""lon"":150.9535040505806}"
2026-08-31T06:23:52.374Z,"{""lat"":-33.958084557267036,""lon"":150.9535040505806}"
2026-08-31T06:23:53.375Z,"{""lat"":-33.958084557267036,""lon"":150.9535040505806}"
2026-08-31T06:23:54.374Z,"{""lat"":-33.958084557267036,""lon"":150.9535040505806}"
2026-08-31T06:23:55.375Z,"{""lat"":-33.958084557267036,""lon"":150.9535040505806}"
2026-08-31T06:23:56.375Z,"{""lat"":-33.958084557267036,""lon"":150.9535040505806}"
2026-08-31T06:23:57.375Z,"{""lat"":-33.958084557267036,""lon"":150.9535040505806}"
2026-08-31T06:23:58.375Z,"{""lat"":-33.958084557267036,""lon"":150.9535040505806}"
2026-08-31T06:23:59.375Z,"{""lat"":-33.958084557267036,""lon"":150.9535040505806}"
2026-08-31T06:24:00.376Z,"{""lat"":-33.958084557267036,""lon"":150.9535040505806}"
2026-08-31T06:24:01.376Z,"{""lat"":-33.958084557267036,""lon"":150.9535040505806}"
2026-08-31T06:24:02.376Z,"{""lat"":-33.958084557267036,""lon"":150.9535040505806}"
2026-08-31T06:24:03.376Z,"{""lat"":-33.958084557267036,""lon"":150.9535040505806}"
2026-08-31T06:24:04.377Z,"{""lat"":-33.958084557267036,""lon"":150.9535040505806}"
2026-08-31T06:24:05.377Z,"{""lat"":-33.958084557267036,""lon"":150.9535040505806}"
2026-08-31T06:24:06.377Z,"{""lat"":-33.958084557267036,""lon"":150.9535040505806}"
2026-08-31T06:24:07.377Z,"{""lat"":-33.958084557267036,""lon"":150.9535040505806}"
2026-08-31T06:24:08.378Z,"{""lat"":-33.958084557267036,""lon"":150.9535040505806}"
2026-08-31T06:24:09.378Z,"{""lat"":-33.958084557267036,""lon"":150.9535040505806}"
2026-08-31T06:24:10.378Z,"{""lat"":-33.958084557267036,""lon"":150.9535040505806}"
2026-08-31T06:24:11.378Z,"{""lat"":-33.958084557267036,""lon"":150.9535040505806}"
2026-08-31T06:24:12.378Z,"{""lat"":-33.958084557267036,""lon"":150.9535040505806}"
2026-08-31T06:24:13.378Z,"{""lat"":-33.958084557267036,""lon"":150.9535040505806}"
2026-08-31T06:24:14.379Z,"{""lat"":-33.958084557267036,""lon"":150.9535040505806}"
2026-08-31T06:24:15.379Z,"{""lat"":-33.958084557267036,""lon"":150.9535040505806}"
2026-08-31T06:24:16.379Z,"{""lat"":-33.958084557267036,""lon"":150.9535040505806}"
2026-08-31T06:24:17.379Z,"{""lat"":-33.958084557267036,""lon"":150.9535040505806}"
2026-08-31T06:24:18.38Z,"{""lat"":-33.958084557267036,""lon"":150.9535040505806}"
2026-08-31T06:24:19.38Z,"{""lat"":-33.958084557267036,""lon"":150.9535040505806}"
2026-08-31T06:24:20.38Z,"{""lat"":-33.958084557267036,""lon"":150.9535040505806}"
2026-08-31T06:24:21.38Z,"{""lat"":-33.958084557267036,""lon"":150.9535040505806}"
2026-08-31T06:24:22.38Z,"{""lat"":-33.958084557267036,""lon"":150.9535040505806}"
2026-08-31T06:24:23.381Z,"{""lat"":-33.958084557267036,""lon"":150.9535040505806}"
2026-08-31T06:24:24.381Z,"{""lat"":-33.958084557267036,""lon"":150.9535040505806}"
2026-08-31T06:24:25.381Z,"{""lat"":-33.958084557267036,""lon"":150.9535040505806}"
2026-08-31T06:24:26.381Z,"{""lat"":-33.958084557267036,""lon"":150.9535040505806}"
2026-08-31T06:24:27.381Z,"{""lat"":-33.958084557267036,""lon"":150.9535040505806}"
2026-08-31T06:24:28.382Z,"{""lat"":-33.958084557267036,""lon"":150.9535040505806}"
2026-08-31T06:24:29.382Z,"{""lat"":-33.958084557267036,""lon"":150.9535040505806}"
2026-08-31T06:24:30.382Z,"{""lat"":-33.958084557267036,""lon"":150.9535040505806}"
2026-08-31T06:24:31.382Z,"{""lat"":-33.958084557267036,""lon"":150.9535040505806}"
2026-08-31T06:24:32.382Z,"{""lat"":-33.958084557267036,""lon"":150.9535040505806}"
2026-08-31T06:24:33.383Z,"{""lat"":-33.958084557267036,""lon"":150.9535040505806}"
2026-08-31T06:24:34.383Z,"{""lat"":-33.958084557267036,""lon"":150.9535040505806}"
2026-08-31T06:24:35.383Z,"{""lat"":-33.958084557267036,""lon"":150.9535040505806}"
2026-08-31T06:24:36.383Z,"{""lat"":-33.958084557267036,""lon"":150.9535040505806}"
2026-08-31T06:24:37.383Z,"{""lat"":-33.958084557267036,""lon"":150.9535040505806}"
2026-08-31T06:24:38.384Z,"{""lat"":-33.958084557267036,""lon"":150.9535040505806}"
2026-08-31T06:24:39.384Z,"{""lat"":-33.958084557267036,""lon"":150.9535040505806}"
2026-08-31T06:24:40.384Z,"{""lat"":-33.958084557267036,""lon"":150.9535040505806}"
2026-08-31T06:24:41.384Z,"{""lat"":-33.958084557267036,""lon"":150.9535040505806}"
2026-08-31T06:24:42.384Z,"{""lat"":-33.958084557267036,""lon"":150.9535040505806}"
2026-08-31T06:24:43.385Z,"{""lat"":-33.958084557267036,""lon"":150.9535040505806}"
2026-08-31T06:24:44.385Z,"{""lat"":-33.958084557267036,""lon"":150.9535040505806}"
2026-08-31T06:24:45.385Z,"{""lat"":-33.958084557267036,""lon"":150.9535040505806}"
2026-08-31T06:24:46.385Z,"{""lat"":-33.958084557267036,""lon"":150.9535040505806}"
2026-08-31T06:24:47.385Z,"{""lat"":-33.958084557267036,""lon"":150.9535040505806}"
2026-08-31T06:24:48.386Z,"{""lat"":-33.958084557267036,""lon"":150.9535040505806}"
2026-08-31T06:24:49.386Z,"{""lat"":-33.958084557267036,""lon"":150.9535040505806}"
2026-08-31T06:24:50.386Z,"{""lat"":-33.958084557267036,""lon"":150.9535040505806}"
2026-08-31T06:24:51.386Z,"{""lat"":-33.958084557267036,""lon"":150.9535040505806}"
2026-08-31T06:24:52.386Z,"{""lat"":-33.958084557267036,""lon"":150.9535040505806}"
2026-08-31T06:24:53.387Z,"{""lat"":-33.958084557267036,""lon"":150.9535040505806}"
2026-08-31T06:24:54.387Z,"{""lat"":-33.958084557267036,""lon"":150.9535040505806}"
2026-08-31T06:24:55.387Z,"{""lat"":-33.958084557267036,""lon"":150.9535040505806}"
2026-08-31T06:24:56.387Z,"{""lat"":-33.958084557267036,""lon"":150.9535040505806}"
2026-08-31T06:24:57.387Z,"{""lat"":-33.958084557267036,""lon"":150.9535040505806}"
2026-08-31T06:24:58.388Z,"{""lat"":-33.958084557267036,""lon"":150.9535040505806}"
2026-08-31T06:24:59.388Z,"{""lat"":-33.958084557267036,""lon"":150.9535040505806}"
2026-08-31T06:25:00.389Z,"{""lat"":-33.958084557267036,""lon"":150.9535040505806}"
2026-08-31T06:25:01.388Z,"{""lat"":-33.958084557267036,""lon"":150.9535040505806}"
2026-08-31T06:25:02.388Z,"{""lat"":-33.958084557267036,""lon"":150.9535040505806}"
2026-08-31T06:25:03.389Z,"{""lat"":-33.958084557267036,""lon"":150.9535040505806}"
2026-08-31T06:25:04.389Z,"{""lat"":-33.958084557267036,""lon"":150.9535040505806}"
2026-08-31T06:25:05.389Z,"{""lat"":-33.958084557267036,""lon"":150.9535040505806}"
2026-08-31T06:25:06.389Z,"{""lat"":-33.958084557267036,""lon"":150.9535040505806}"
2026-08-31T06:25:07.389Z,"{""lat"":-33.958084557267036,""lon"":150.9535040505806}"
2026-08-31T06:25:08.39Z,"{""lat"":-33.958084557267036,""lon"":150.9535040505806}"
2026-08-31T06:25:09.39Z,"{""lat"":-33.958084557267036,""lon"":150.9535040505806}"
2026-08-31T06:25:10.39Z,"{""lat"":-33.958084557267036,""lon"":150.9535040505806}"
2026-08-31T06:25:11.39Z,"{""lat"":-33.958084557267036,""lon"":150.9535040505806}"
2026-08-31T06:25:12.39Z,"{""lat"":-33.958084557267036,""lon"":150.9535040505806}"
2026-08-31T06:25:13.391Z,"{""lat"":-33.958084557267036,""lon"":150.9535040505806}"
2026-08-31T06:25:14.391Z,"{""lat"":-33.958084557267036,""lon"":150.9535040505806}"
2026-08-31T06:25:15.391Z,"{""lat"":-33.958084557267036,""lon"":150.9535040505806}"
2026-08-31T06:25:16.391Z,"{""lat"":-33.958084557267036,""lon"":150.9535040505806}"
2026-08-31T06:25:17.391Z,"{""lat"":-33.958084557267036,""lon"":150.9535040505806}"
2026-08-31T06:25:18.392Z,"{""lat"":-33.958084557267036,""lon"":150.9535040505806}"
2026-08-31T06:25:19.392Z,"{""lat"":-33.958084557267036,""lon"":150.9535040505806}"
2026-08-31T06:25:20.392Z,"{""lat"":-33.958084557267036,""lon"":150.9535040505806}"
2026-08-31T06:25:21.392Z,"{""lat"":-33.958084557267036,""lon"":150.9535040505806}"
2026-08-31T06:25:22.392Z,"{""lat"":-33.958084557267036,""lon"":150.9535040505806}"
2026-08-31T06:25:23.393Z,"{""lat"":-33.958084557267036,""lon"":150.9535040505806}"
2026-08-31T06:25:24.393Z,"{""lat"":-33.958084557267036,""lon"":150.9535040505806}"
2026-08-31T06:25:25.393Z,"{""lat"":-33.958084557267036,""lon"":150.9535040505806}"
2026-08-31T06:25:26.393Z,"{""lat"":-33.958084557267036,""lon"":150.9535040505806}"
2026-08-31T06:25:27.393Z,"{""lat"":-33.958084557267036,""lon"":150.9535040505806}"
2026-08-31T06:25:28.394Z,"{""lat"":-33.958084557267036,""lon"":150.9535040505806}"
2026-08-31T06:25:29.394Z,"{""lat"":-33.958084557267036,""lon"":150.9535040505806}"
2026-08-31T06:25:30.394Z,"{""lat"":-33.958084557267036,""lon"":150.9535040505806}"
2026-08-31T06:25:31.394Z,"{""lat"":-33.958084557267036,""lon"":150.9535040505806}"
2026-08-31T06:25:32.394Z,"{""lat"":-33.958084557267036,""lon"":150.9535040505806}"
2026-08-31T06:25:33.395Z,"{""lat"":-33.958084557267036,""lon"":150.9535040505806}"
2026-08-31T06:25:34.395Z,"{""lat"":-33.958084557267036,""lon"":150.9535040505806}"
2026-08-31T06:25:35.395Z,"{""lat"":-33.958084557267036,""lon"":150.9535040505806}"
2026-08-31T06:25:36.395Z,"{""lat"":-33.958084557267036,""lon"":150.9535040505806}"
2026-08-31T06:25:37.395Z,"{""lat"":-33.958084557267036,""lon"":150.9535040505806}"
2026-08-31T06:25:38.396Z,"{""lat"":-33.958084557267036,""lon"":150.9535040505806}"
2026-08-31T06:25:39.396Z,"{""lat"":-33.958084557267036,""lon"":150.9535040505806}"
2026-08-31T06:25:40.396Z,"{""lat"":-33.958084557267036,""lon"":150.9535040505806}"
2026-08-31T06:25:41.396Z,"{""lat"":-33.958084557267036,""lon"":150.9535040505806}"
2026-08-31T06:25:42.396Z,"{""lat"":-33.958084557267036,""lon"":150.9535040505806}"
2026-08-31T06:25:43.397Z,"{""lat"":-33.958084557267036,""lon"":150.9535040505806}"
2026-08-31T06:25:44.397Z,"{""lat"":-33.958084557267036,""lon"":150.9535040505806}"
2026-08-31T06:25:45.397Z,"{""lat"":-33.958084557267036,""lon"":150.9535040505806}"
2026-08-31T06:25:46.397Z,"{""lat"":-33.958084557267036,""lon"":150.9535040505806}"
2026-08-31T06:25:47.397Z,"{""lat"":-33.958084557267036,""lon"":150.9535040505806}"
2026-08-31T06:25:48.398Z,"{""lat"":-33.958084557267036,""lon"":150.9535040505806}"
2026-08-31T06:25:49.398Z,"{""lat"":-33.958084557267036,""lon"":150.9535040505806}"
2026-08-31T06:25:50.398Z,"{""lat"":-33.958084557267036,""lon"":150.9535040505806}"
2026-08-31T06:25:51.398Z,"{""lat"":-33.958084557267036,""lon"":150.9535040505806}"
2026-08-31T06:25:52.398Z,"{""lat"":-33.958084557267036,""lon"":150.9535040505806}"
2026-08-31T06:25:53.399Z,"{""lat"":-33.958084557267036,""lon"":150.9535040505806}"
2026-08-31T06:25:54.399Z,"{""lat"":-33.958084557267036,""lon"":150.9535040505806}"
2026-08-31T06:25:55.399Z,"{""lat"":-33.958084557267036,""lon"":150.9535040505806}"
2026-08-31T06:25:56.4Z,"{""lat"":-33.958084557267036,""lon"":150.9535040505806}"
2026-08-31T06:25:57.4Z,"{""lat"":-33.958084557267036,""lon"":150.9535040505806}"
2026-08-31T06:25:58.4Z,"{""lat"":-33.958084557267036,""lon"":150.9535040505806}"
2026-08-31T06:25:59.4Z,"{""lat"":-33.958084557267036,""lon"":150.9535040505806}"
2026-08-31T06:26:00.401Z,"{""lat"":-33.958084557267036,""lon"":150.9535040505806}"
2026-08-31T06:26:01.401Z,"{""lat"":-33.958084557267036,""lon"":150.9535040505806}"
2026-08-31T06:26:02.401Z,"{""lat"":-33.958084557267036,""lon"":150.9535040505806}"
2026-08-31T06:26:03.401Z,"{""lat"":-33.958084557267036,""lon"":150.9535040505806}"
2026-08-31T06:26:04.402Z,"{""lat"":-33.958084557267036,""lon"":150.9535040505806}"
2026-08-31T06:26:05.402Z,"{""lat"":-33.958084557267036,""lon"":150.9535040505806}"
2026-08-31T06:26:06.402Z,"{""lat"":-33.958084557267036,""lon"":150.9535040505806}"
2026-08-31T06:26:07.403Z,"{""lat"":-33.958084557267036,""lon"":150.9535040505806}"
2026-08-31T06:26:08.403Z,"{""lat"":-33.958084557267036,""lon"":150.9535040505806}"
2026-08-31T06:26:09.403Z,"{""lat"":-33.958084557267036,""lon"":150.9535040505806}"
2026-08-31T06:26:10.403Z,"{""lat"":-33.958084557267036,""lon"":150.9535040505806}"
2026-08-31T06:26:11.404Z,"{""lat"":-33.958084557267036,""lon"":150.9535040505806}"
2026-08-31T06:26:12.404Z,"{""lat"":-33.958084557267036,""lon"":150.9535040505806}"
2026-08-31T06:26:13.404Z,"{""lat"":-33.958084557267036,""lon"":150.9535040505806}"
2026-08-31T06:26:14.404Z,"{""lat"":-33.958084557267036,""lon"":150.9535040505806}"
2026-08-31T06:26:15.405Z,"{""lat"":-33.958084557267036,""lon"":150.9535040505806}"
2026-08-31T06:26:16.405Z,"{""lat"":-33.958084557267036,""lon"":150.9535040505806}"
2026-08-31T06:26:17.405Z,"{""lat"":-33.958084557267036,""lon"":150.9535040505806}"
2026-08-31T06:26:18.405Z,"{""lat"":-33.958084557267036,""lon"":150.9535040505806}"
2026-08-31T06:26:19.406Z,"{""lat"":-33.958084557267036,""lon"":150.9535040505806}"
2026-08-31T06:26:20.406Z,"{""lat"":-33.958084557267036,""lon"":150.9535040505806}"
2026-08-31T06:26:21.406Z,"{""lat"":-33.958084557267036,""lon"":150.9535040505806}"
2026-08-31T06:26:22.406Z,"{""lat"":-33.958084557267036,""lon"":150.9535040505806}"
2026-08-31T06:26:23.407Z,"{""lat"":-33.958084557267036,""lon"":150.9535040505806}"
2026-08-31T06:26:24.407Z,"{""lat"":-33.958084557267036,""lon"":150.9535040505806}"
2026-08-31T06:26:25.407Z,"{""lat"":-33.958084557267036,""lon"":150.9535040505806}"
2026-08-31T06:26:26.407Z,"{""lat"":-33.958084557267036,""lon"":150.9535040505806}"
2026-08-31T06:26:27.408Z,"{""lat"":-33.958084557267036,""lon"":150.9535040505806}"
2026-08-31T06:26:28.408Z,"{""lat"":-33.958084557267036,""lon"":150.9535040505806}"
2026-08-31T06:26:29.408Z,"{""lat"":-33.958084557267036,""lon"":150.9535040505806}"
2026-08-31T06:26:30.408Z,"{""lat"":-33.958084557267036,""lon"":150.9535040505806}"
2026-08-31T06:26:31.409Z,"{""lat"":-33.958084557267036,""lon"":150.9535040505806}"
2026-08-31T06:26:32.409Z,"{""lat"":-33.958084557267036,""lon"":150.9535040505806}"
2026-08-31T06:26:33.409Z,"{""lat"":-33.958084557267036,""lon"":150.9535040505806}"
2026-08-31T06:26:34.409Z,"{""lat"":-33.958084557267036,""lon"":150.9535040505806}"
2026-08-31T06:26:35.409Z,"{""lat"":-33.958084557267036,""lon"":150.9535040505806}"
2026-08-31T06:26:36.41Z,"{""lat"":-33.958084557267036,""lon"":150.9535040505806}"
2026-08-31T06:26:37.41Z,"{""lat"":-33.958084557267036,""lon"":150.9535040505806}"
2026-08-31T06:26:38.41Z,"{""lat"":-33.958084557267036,""lon"":150.9535040505806}"
2026-08-31T06:26:39.41Z,"{""lat"":-33.958084557267036,""lon"":150.9535040505806}"
2026-08-31T06:26:40.41Z,"{""lat"":-33.958084557267036,""lon"":150.9535040505806}"
2026-08-31T06:26:41.411Z,"{""lat"":-33.958084557267036,""lon"":150.9535040505806}"
2026-08-31T06:26:42.411Z,"{""lat"":-33.958084557267036,""lon"":150.9535040505806}"
2026-08-31T06:26:43.411Z,"{""lat"":-33.958084557267036,""lon"":150.9535040505806}"
2026-08-31T06:26:44.411Z,"{""lat"":-33.958084557267036,""lon"":150.9535040505806}"
2026-08-31T06:26:45.412Z,"{""lat"":-33.958084557267036,""lon"":150.9535040505806}"
2026-08-31T06:26:46.412Z,"{""lat"":-33.958084557267036,""lon"":150.9535040505806}"
2026-08-31T06:26:47.412Z,"{""lat"":-33.958084557267036,""lon"":150.9535040505806}"
2026-08-31T06:26:48.412Z,"{""lat"":-33.958084557267036,""lon"":150.9535040505806}"
2026-08-31T06:26:49.412Z,"{""lat"":-33.958084557267036,""lon"":150.9535040505806}"
2026-08-31T06:26:50.413Z,"{""lat"":-33.958084557267036,""lon"":150.9535040505806}"
2026-08-31T06:26:51.413Z,"{""lat"":-33.958084557267036,""lon"":150.9535040505806}"
2026-08-31T06:26:52.413Z,"{""lat"":-33.958084557267036,""lon"":150.9535040505806}"
2026-08-31T06:26:53.413Z,"{""lat"":-33.958084557267036,""lon"":150.9535040505806}"
2026-08-31T06:26:54.413Z,"{""lat"":-33.958084557267036,""lon"":150.9535040505806}"
2026-08-31T06:26:55.414Z,"{""lat"":-33.958084557267036,""lon"":150.9535040505806}"
2026-08-31T06:26:56.414Z,"{""lat"":-33.958084557267036,""lon"":150.9535040505806}"
2026-08-31T06:26:57.414Z,"{""lat"":-33.958084557267036,""lon"":150.9535040505806}"
2026-08-31T06:26:58.414Z,"{""lat"":-33.958084557267036,""lon"":150.9535040505806}"
2026-08-31T06:26:59.415Z,"{""lat"":-33.958084557267036,""lon"":150.9535040505806}"
2026-08-31T06:27:00.415Z,"{""lat"":-33.958084557267036,""lon"":150.9535040505806}"
2026-08-31T06:27:01.415Z,"{""lat"":-33.958084557267036,""lon"":150.9535040505806}"
2026-08-31T06:27:02.415Z,"{""lat"":-33.958084557267036,""lon"":150.9535040505806}"
2026-08-31T06:27:03.415Z,"{""lat"":-33.958084557267036,""lon"":150.9535040505806}"
2026-08-31T06:27:04.416Z,"{""lat"":-33.958084557267036,""lon"":150.9535040505806}"
2026-08-31T06:27:05.416Z,"{""lat"":-33.958084557267036,""lon"":150.9535040505806}"
2026-08-31T06:27:06.416Z,"{""lat"":-33.958084557267036,""lon"":150.9535040505806}"
2026-08-31T06:27:07.416Z,"{""lat"":-33.958084557267036,""lon"":150.9535040505806}"
2026-08-31T06:27:08.416Z,"{""lat"":-33.958084557267036,""lon"":150.9535040505806}"
2026-08-31T06:27:09.418Z,"{""lat"":-33.958084557267036,""lon"":150.9535040505806}"
2026-08-31T06:27:10.417Z,"{""lat"":-33.958084557267036,""lon"":150.9535040505806}"
2026-08-31T06:27:11.417Z,"{""lat"":-33.958084557267036,""lon"":150.9535040505806}"
2026-08-31T06:27:12.417Z,"{""lat"":-33.958084557267036,""lon"":150.9535040505806}"
2026-08-31T06:27:13.417Z,"{""lat"":-33.958084557267036,""lon"":150.9535040505806}"
2026-08-31T06:27:14.418Z,"{""lat"":-33.958084557267036,""lon"":150.9535040505806}"
2026-08-31T06:27:15.418Z,"{""lat"":-33.958084557267036,""lon"":150.9535040505806}"
2026-08-31T06:27:16.418Z,"{""lat"":-33.958084557267036,""lon"":150.9535040505806}"
2026-08-31T06:27:17.418Z,"{""lat"":-33.958084557267036,""lon"":150.9535040505806}"
2026-08-31T06:27:18.419Z,"{""lat"":-33.958084557267036,""lon"":150.9535040505806}"
2026-08-31T06:27:19.419Z,"{""lat"":-33.958084557267036,""lon"":150.9535040505806}"
2026-08-31T06:27:20.419Z,"{""lat"":-33.958084557267036,""lon"":150.9535040505806}"
2026-08-31T06:27:21.419Z,"{""lat"":-33.958084557267036,""lon"":150.9535040505806}"
2026-08-31T06:27:22.419Z,"{""lat"":-33.958084557267036,""lon"":150.9535040505806}"
2026-08-31T06:27:23.42Z,"{""lat"":-33.958084557267036,""lon"":150.9535040505806}"
2026-08-31T06:27:24.42Z,"{""lat"":-33.958084557267036,""lon"":150.9535040505806}"
2026-08-31T06:27:25.42Z,"{""lat"":-33.958084557267036,""lon"":150.9535040505806}"
2026-08-31T06:27:26.42Z,"{""lat"":-33.958084557267036,""lon"":150.9535040505806}"
2026-08-31T06:27:27.42Z,"{""lat"":-33.958084557267036,""lon"":150.9535040505806}"
2026-08-31T06:27:28.421Z,"{""lat"":-33.958084557267036,""lon"":150.9535040505806}"
2026-08-31T06:27:29.421Z,"{""lat"":-33.958084557267036,""lon"":150.9535040505806}"
2026-08-31T06:27:30.421Z,"{""lat"":-33.958084557267036,""lon"":150.9535040505806}"
2026-08-31T06:27:31.421Z,"{""lat"":-33.958084557267036,""lon"":150.9535040505806}"
2026-08-31T06:27:32.421Z,"{""lat"":-33.958084557267036,""lon"":150.9535040505806}"
2026-08-31T06:27:33.422Z,"{""lat"":-33.958084557267036,""lon"":150.9535040505806}"
2026-08-31T06:27:34.422Z,"{""lat"":-33.958084557267036,""lon"":150.9535040505806}"
2026-08-31T06:27:35.422Z,"{""lat"":-33.958084557267036,""lon"":150.9535040505806}"
2026-08-31T06:27:36.422Z,"{""lat"":-33.958084557267036,""lon"":150.9535040505806}"
2026-08-31T06:27:37.423Z,"{""lat"":-33.958084557267036,""lon"":150.9535040505806}"
2026-08-31T06:27:38.423Z,"{""lat"":-33.958084557267036,""lon"":150.9535040505806}"
2026-08-31T06:27:39.423Z,"{""lat"":-33.958084557267036,""lon"":150.9535040505806}"
2026-08-31T06:27:40.423Z,"{""lat"":-33.958084557267036,""lon"":150.9535040505806}"
2026-08-31T06:27:41.423Z,"{""lat"":-33.958084557267036,""lon"":150.9535040505806}"
2026-08-31T06:27:42.424Z,"{""lat"":-33.958084557267036,""lon"":150.9535040505806}"
2026-08-31T06:27:43.424Z,"{""lat"":-33.958084557267036,""lon"":150.9535040505806}"
2026-08-31T06:27:44.424Z,"{""lat"":-33.958084557267036,""lon"":150.9535040505806}"
2026-08-31T06:27:45.424Z,"{""lat"":-33.958084557267036,""lon"":150.9535040505806}"
2026-08-31T06:27:46.424Z,"{""lat"":-33.958084557267036,""lon"":150.9535040505806}"
2026-08-31T06:27:47.425Z,"{""lat"":-33.958084557267036,""lon"":150.9535040505806}"
2026-08-31T06:27:48.425Z,"{""lat"":-33.958084557267036,""lon"":150.9535040505806}"
2026-08-31T06:27:49.425Z,"{""lat"":-33.958084557267036,""lon"":150.9535040505806}"
2026-08-31T06:27:50.425Z,"{""lat"":-33.958084557267036,""lon"":150.9535040505806}"
2026-08-31T06:27:51.425Z,"{""lat"":-33.958084557267036,""lon"":150.9535040505806}"
2026-08-31T06:27:52.426Z,"{""lat"":-33.958084557267036,""lon"":150.9535040505806}"
2026-08-31T06:27:53.426Z,"{""lat"":-33.958084557267036,""lon"":150.9535040505806}"
2026-08-31T06:27:54.426Z,"{""lat"":-33.958084557267036,""lon"":150.9535040505806}"
2026-08-31T06:27:55.426Z,"{""lat"":-33.958084557267036,""lon"":150.9535040505806}"
2026-08-31T06:27:56.427Z,"{""lat"":-33.958084557267036,""lon"":150.9535040505806}"
2026-08-31T06:27:57.427Z,"{""lat"":-33.958084557267036,""lon"":150.9535040505806}"
2026-08-31T06:27:58.427Z,"{""lat"":-33.958084557267036,""lon"":150.9535040505806}"
2026-08-31T06:27:59.427Z,"{""lat"":-33.958084557267036,""lon"":150.9535040505806}"
2026-08-31T06:28:00.428Z,"{""lat"":-33.958084557267036,""lon"":150.9535040505806}"
2026-08-31T06:28:01.428Z,"{""lat"":-33.958084557267036,""lon"":150.9535040505806}"
2026-08-31T06:28:02.428Z,"{""lat"":-33.958084557267036,""lon"":150.9535040505806}"
2026-08-31T06:28:03.428Z,"{""lat"":-33.958084557267036,""lon"":150.9535040505806}"
2026-08-31T06:28:04.429Z,"{""lat"":-33.958084557267036,""lon"":150.9535040505806}"
2026-08-31T06:28:05.429Z,"{""lat"":-33.958084557267036,""lon"":150.9535040505806}"
2026-08-31T06:28:06.429Z,"{""lat"":-33.958084557267036,""lon"":150.9535040505806}"
2026-08-31T06:28:07.43Z,"{""lat"":-33.958084557267036,""lon"":150.9535040505806}"
2026-08-31T06:28:08.43Z,"{""lat"":-33.958084557267036,""lon"":150.9535040505806}"
2026-08-31T06:28:09.43Z,"{""lat"":-33.958084557267036,""lon"":150.9535040505806}"
2026-08-31T06:28:10.43Z,"{""lat"":-33.958084557267036,""lon"":150.9535040505806}"
2026-08-31T06:28:11.431Z,"{""lat"":-33.958084557267036,""lon"":150.9535040505806}"
2026-08-31T06:28:12.431Z,"{""lat"":-33.958084557267036,""lon"":150.9535040505806}"
2026-08-31T06:28:13.431Z,"{""lat"":-33.958084557267036,""lon"":150.9535040505806}"
2026-08-31T06:28:14.432Z,"{""lat"":-33.958084557267036,""lon"":150.9535040505806}"
2026-08-31T06:28:15.432Z,"{""lat"":-33.958084557267036,""lon"":150.9535040505806}"
2026-08-31T06:28:16.432Z,"{""lat"":-33.958084557267036,""lon"":150.9535040505806}"
2026-08-31T06:28:17.432Z,"{""lat"":-33.958084557267036,""lon"":150.9535040505806}"
2026-08-31T06:28:18.433Z,"{""lat"":-33.958084557267036,""lon"":150.9535040505806}"
2026-08-31T06:28:19.433Z,"{""lat"":-33.958084557267036,""lon"":150.9535040505806}"
2026-08-31T06:28:20.433Z,"{""lat"":-33.958084557267036,""lon"":150.9535040505806}"
2026-08-31T06:28:21.433Z,"{""lat"":-33.958084557267036,""lon"":150.9535040505806}"
2026-08-31T06:28:22.434Z,"{""lat"":-33.958084557267036,""lon"":150.9535040505806}"
2026-08-31T06:28:23.434Z,"{""lat"":-33.958084557267036,""lon"":150.9535040505806}"
2026-08-31T06:28:24.434Z,"{""lat"":-33.958084557267036,""lon"":150.9535040505806}"
2026-08-31T06:28:25.434Z,"{""lat"":-33.958084557267036,""lon"":150.9535040505806}"
2026-08-31T06:28:26.435Z,"{""lat"":-33.958084557267036,""lon"":150.9535040505806}"
2026-08-31T06:28:27.435Z,"{""lat"":-33.958084557267036,""lon"":150.9535040505806}"
2026-08-31T06:28:28.435Z,"{""lat"":-33.958084557267036,""lon"":150.9535040505806}"
2026-08-31T06:28:29.435Z,"{""lat"":-33.958084557267036,""lon"":150.9535040505806}"
2026-08-31T06:28:30.436Z,"{""lat"":-33.958084557267036,""lon"":150.9535040505806}"
2026-08-31T06:28:31.436Z,"{""lat"":-33.958084557267036,""lon"":150.9535040505806}"
2026-08-31T06:28:32.436Z,"{""lat"":-33.958084557267036,""lon"":150.9535040505806}"
2026-08-31T06:28:33.436Z,"{""lat"":-33.958084557267036,""lon"":150.9535040505806}"
2026-08-31T06:28:34.436Z,"{""lat"":-33.958084557267036,""lon"":150.9535040505806}"
2026-08-31T06:28:35.437Z,"{""lat"":-33.958084557267036,""lon"":150.9535040505806}"
2026-08-31T06:28:36.437Z,"{""lat"":-33.958084557267036,""lon"":150.9535040505806}"
2026-08-31T06:28:37.437Z,"{""lat"":-33.958084557267036,""lon"":150.9535040505806}"
2026-08-31T06:28:38.437Z,"{""lat"":-33.958084557267036,""lon"":150.9535040505806}"
2026-08-31T06:28:39.438Z,"{""lat"":-33.958084557267036,""lon"":150.9535040505806}"
2026-08-31T06:28:40.438Z,"{""lat"":-33.958084557267036,""lon"":150.9535040505806}"
2026-08-31T06:28:41.438Z,"{""lat"":-33.958084557267036,""lon"":150.9535040505806}"
2026-08-31T06:28:42.438Z,"{""lat"":-33.958084557267036,""lon"":150.9535040505806}"
2026-08-31T06:28:43.439Z,"{""lat"":-33.958084557267036,""lon"":150.9535040505806}"
2026-08-31T06:28:44.439Z,"{""lat"":-33.958084557267036,""lon"":150.9535040505806}"
2026-08-31T06:28:45.439Z,"{""lat"":-33.958084557267036,""lon"":150.9535040505806}"
2026-08-31T06:28:46.439Z,"{""lat"":-33.958084557267036,""lon"":150.9535040505806}"
2026-08-31T06:28:47.44Z,"{""lat"":-33.958084557267036,""lon"":150.9535040505806}"
2026-08-31T06:28:48.44Z,"{""lat"":-33.958084557267036,""lon"":150.9535040505806}"
2026-08-31T06:28:49.44Z,"{""lat"":-33.958084557267036,""lon"":150.9535040505806}"
2026-08-31T06:28:50.44Z,"{""lat"":-33.958084557267036,""lon"":150.9535040505806}"
2026-08-31T06:28:51.44Z,"{""lat"":-33.958084557267036,""lon"":150.9535040505806}"
2026-08-31T06:28:52.441Z,"{""lat"":-33.958084557267036,""lon"":150.9535040505806}"
2026-08-31T06:28:53.441Z,"{""lat"":-33.958084557267036,""lon"":150.9535040505806}"
2026-08-31T06:28:54.441Z,"{""lat"":-33.958084557267036,""lon"":150.9535040505806}"
2026-08-31T06:28:55.441Z,"{""lat"":-33.958084557267036,""lon"":150.9535040505806}"
2026-08-31T06:28:56.441Z,"{""lat"":-33.958084557267036,""lon"":150.9535040505806}"
2026-08-31T06:28:57.442Z,"{""lat"":-33.958084557267036,""lon"":150.9535040505806}"
2026-08-31T06:28:58.442Z,"{""lat"":-33.958084557267036,""lon"":150.9535040505806}"
2026-08-31T06:28:59.442Z,"{""lat"":-33.958084557267036,""lon"":150.9535040505806}"
2026-08-31T06:29:00.442Z,"{""lat"":-33.958084557267036,""lon"":150.9535040505806}"
2026-08-31T06:29:01.443Z,"{""lat"":-33.958084557267036,""lon"":150.9535040505806}"
2026-08-31T06:29:02.443Z,"{""lat"":-33.958084557267036,""lon"":150.9535040505806}"
2026-08-31T06:29:03.443Z,"{""lat"":-33.958084557267036,""lon"":150.9535040505806}"
2026-08-31T06:29:04.443Z,"{""lat"":-33.958084557267036,""lon"":150.9535040505806}"
2026-08-31T06:29:05.443Z,"{""lat"":-33.958084557267036,""lon"":150.9535040505806}"
2026-08-31T06:29:06.444Z,"{""lat"":-33.958084557267036,""lon"":150.9535040505806}"
2026-08-31T06:29:07.444Z,"{""lat"":-33.958084557267036,""lon"":150.9535040505806}"
2026-08-31T06:29:08.444Z,"{""lat"":-33.958084557267036,""lon"":150.9535040505806}"
2026-08-31T06:29:09.444Z,"{""lat"":-33.958084557267036,""lon"":150.9535040505806}"
2026-08-31T06:29:10.445Z,"{""lat"":-33.958084557267036,""lon"":150.9535040505806}"
2026-08-31T06:29:11.445Z,"{""lat"":-33.958084557267036,""lon"":150.9535040505806}"
2026-08-31T06:29:12.445Z,"{""lat"":-33.958084557267036,""lon"":150.9535040505806}"
2026-08-31T06:29:13.445Z,"{""lat"":-33.958084557267036,""lon"":150.9535040505806}"
2026-08-31T06:29:14.445Z,"{""lat"":-33.958084557267036,""lon"":150.9535040505806}"
2026-08-31T06:29:15.446Z,"{""lat"":-33.958084557267036,""lon"":150.9535040505806}"
2026-08-31T06:29:16.446Z,"{""lat"":-33.958084557267036,""lon"":150.9535040505806}"
2026-08-31T06:29:17.446Z,"{""lat"":-33.958084557267036,""lon"":150.9535040505806}"
2026-08-31T06:29:18.446Z,"{""lat"":-33.958084557267036,""lon"":150.9535040505806}"
2026-08-31T06:29:19.447Z,"{""lat"":-33.958084557267036,""lon"":150.9535040505806}"
2026-08-31T06:29:20.447Z,"{""lat"":-33.958084557267036,""lon"":150.9535040505806}"
2026-08-31T06:29:21.447Z,"{""lat"":-33.958084557267036,""lon"":150.9535040505806}"
2026-08-31T06:29:22.447Z,"{""lat"":-33.958084557267036,""lon"":150.9535040505806}"
2026-08-31T06:29:23.447Z,"{""lat"":-33.958084557267036,""lon"":150.9535040505806}"
2026-08-31T06:29:24.448Z,"{""lat"":-33.958084557267036,""lon"":150.9535040505806}"
2026-08-31T06:29:25.448Z,"{""lat"":-33.958084557267036,""lon"":150.9535040505806}"
2026-08-31T06:29:26.448Z,"{""lat"":-33.958084557267036,""lon"":150.9535040505806}"
2026-08-31T06:29:27.448Z,"{""lat"":-33.958084557267036,""lon"":150.9535040505806}"
2026-08-31T06:29:28.449Z,"{""lat"":-33.958084557267036,""lon"":150.9535040505806}"
2026-08-31T06:29:29.449Z,"{""lat"":-33.958084557267036,""lon"":150.9535040505806}"
2026-08-31T06:29:30.449Z,"{""lat"":-33.958084557267036,""lon"":150.9535040505806}"
2026-08-31T06:29:31.449Z,"{""lat"":-33.958084557267036,""lon"":150.9535040505806}"
2026-08-31T06:29:32.449Z,"{""lat"":-33.958084557267036,""lon"":150.9535040505806}"
2026-08-31T06:29:33.45Z,"{""lat"":-33.958084557267036,""lon"":150.9535040505806}"
2026-08-31T06:29:34.45Z,"{""lat"":-33.958084557267036,""lon"":150.9535040505806}"
2026-08-31T06:29:35.45Z,"{""lat"":-33.958084557267036,""lon"":150.9535040505806}"
2026-08-31T06:29:36.45Z,"{""lat"":-33.958084557267036,""lon"":150.9535040505806}"
2026-08-31T06:29:37.451Z,"{""lat"":-33.958084557267036,""lon"":150.9535040505806}"
2026-08-31T06:29:38.451Z,"{""lat"":-33.958084557267036,""lon"":150.9535040505806}"
2026-08-31T06:29:39.451Z,"{""lat"":-33.958084557267036,""lon"":150.9535040505806}"
2026-08-31T06:29:40.451Z,"{""lat"":-33.958084557267036,""lon"":150.9535040505806}"
2026-08-31T06:29:41.451Z,"{""lat"":-33.958084557267036,""lon"":150.9535040505806}"
2026-08-31T06:29:42.452Z,"{""lat"":-33.958084557267036,""lon"":150.9535040505806}"
2026-08-31T06:29:43.452Z,"{""lat"":-33.958084557267036,""lon"":150.9535040505806}"
2026-08-31T06:29:44.452Z,"{""lat"":-33.958084557267036,""lon"":150.9535040505806}"
2026-08-31T06:29:45.452Z,"{""lat"":-33.958084557267036,""lon"":150.9535040505806}"
2026-08-31T06:29:46.453Z,"{""lat"":-33.958084557267036,""lon"":150.9535040505806}"
2026-08-31T06:29:47.453Z,"{""lat"":-33.958084557267036,""lon"":150.9535040505806}"
2026-08-31T06:29:48.453Z,"{""lat"":-33.958084557267036,""lon"":150.9535040505806}"
2026-08-31T06:29:49.453Z,"{""lat"":-33.958084557267036,""lon"":150.9535040505806}"
2026-08-31T06:29:50.453Z,"{""lat"":-33.958084557267036,""lon"":150.9535040505806}"
2026-08-31T06:29:51.454Z,"{""lat"":-33.958084557267036,""lon"":150.9535040505806}"
2026-08-31T06:29:52.454Z,"{""lat"":-33.958084557267036,""lon"":150.9535040505806}"
2026-08-31T06:29:53.454Z,"{""lat"":-33.958084557267036,""lon"":150.9535040505806}"
2026-08-31T06:29:54.454Z,"{""lat"":-33.958084557267036,""lon"":150.9535040505806}"
2026-08-31T06:29:55.454Z,"{""lat"":-33.958084557267036,""lon"":150.9535040505806}"
2026-08-31T06:29:56.455Z,"{""lat"":-33.958084557267036,""lon"":150.9535040505806}"
2026-08-31T06:29:57.455Z,"{""lat"":-33.958084557267036,""lon"":150.9535040505806}"
2026-08-31T06:29:58.455Z,"{""lat"":-33.958084557267036,""lon"":150.9535040505806}"
2026-08-31T06:29:59.456Z,"{""lat"":-33.958084557267036,""lon"":150.9535040505806}"
2026-08-31T06:30:00.456Z,"{""lat"":-33.958084557267036,""lon"":150.9535040505806}"
2026-08-31T06:30:01.456Z,"{""lat"":-33.958084557267036,""lon"":150.9535040505806}"
2026-08-31T06:30:02.456Z,"{""lat"":-33.958084557267036,""lon"":150.9535040505806}"
2026-08-31T06:30:03.456Z,"{""lat"":-33.958084557267036,""lon"":150.9535040505806}"
2026-08-31T06:30:04.457Z,"{""lat"":-33.958084557267036,""lon"":150.9535040505806}"
2026-08-31T06:30:05.458Z,"{""lat"":-33.958084557267036,""lon"":150.9535040505806}"
2026-08-31T06:30:06.457Z,"{""lat"":-33.958084557267036,""lon"":150.9535040505806}"
2026-08-31T06:30:07.457Z,"{""lat"":-33.958084557267036,""lon"":150.9535040505806}"
2026-08-31T06:30:08.458Z,"{""lat"":-33.958084557267036,""lon"":150.9535040505806}"
2026-08-31T06:30:09.458Z,"{""lat"":-33.958084557267036,""lon"":150.9535040505806}"
2026-08-31T06:30:10.458Z,"{""lat"":-33.958084557267036,""lon"":150.9535040505806}"
2026-08-31T06:30:11.458Z,"{""lat"":-33.958084557267036,""lon"":150.9535040505806}"
2026-08-31T06:30:12.459Z,"{""lat"":-33.958084557267036,""lon"":150.9535040505806}"
2026-08-31T06:30:13.459Z,"{""lat"":-33.958084557267036,""lon"":150.9535040505806}"
2026-08-31T06:30:14.459Z,"{""lat"":-33.958084557267036,""lon"":150.9535040505806}"
2026-08-31T06:30:15.459Z,"{""lat"":-33.958084557267036,""lon"":150.9535040505806}"
2026-08-31T06:30:16.46Z,"{""lat"":-33.958084557267036,""lon"":150.9535040505806}"
2026-08-31T06:30:17.46Z,"{""lat"":-33.958084557267036,""lon"":150.9535040505806}"
2026-08-31T06:30:18.46Z,"{""lat"":-33.958084557267036,""lon"":150.9535040505806}"
2026-08-31T06:30:19.46Z,"{""lat"":-33.958084557267036,""lon"":150.9535040505806}"
2026-08-31T06:30:20.461Z,"{""lat"":-33.958084557267036,""lon"":150.9535040505806}"
2026-08-31T06:30:21.461Z,"{""lat"":-33.958084557267036,""lon"":150.9535040505806}"
2026-08-31T06:30:22.461Z,"{""lat"":-33.958084557267036,""lon"":150.9535040505806}"
2026-08-31T06:30:23.461Z,"{""lat"":-33.958084557267036,""lon"":150.9535040505806}"
2026-08-31T06:30:24.462Z,"{""lat"":-33.958084557267036,""lon"":150.9535040505806}"
2026-08-31T06:30:25.462Z,"{""lat"":-33.958084557267036,""lon"":150.9535040505806}"
2026-08-31T06:30:26.462Z,"{""lat"":-33.958084557267036,""lon"":150.9535040505806}"
2026-08-31T06:30:27.462Z,"{""lat"":-33.958084557267036,""lon"":150.9535040505806}"
2026-08-31T06:30:28.463Z,"{""lat"":-33.958084557267036,""lon"":150.9535040505806}"
2026-08-31T06:30:29.463Z,"{""lat"":-33.958084557267036,""lon"":150.9535040505806}"
2026-08-31T06:30:30.463Z,"{""lat"":-33.958084557267036,""lon"":150.9535040505806}"
2026-08-31T06:30:31.463Z,"{""lat"":-33.958084557267036,""lon"":150.9535040505806}"
2026-08-31T06:30:32.464Z,"{""lat"":-33.958084557267036,""lon"":150.9535040505806}"
2026-08-31T06:30:33.464Z,"{""lat"":-33.958084557267036,""lon"":150.9535040505806}"
2026-08-31T06:30:34.464Z,"{""lat"":-33.958084557267036,""lon"":150.9535040505806}"
2026-08-31T06:30:35.464Z,"{""lat"":-33.958084557267036,""lon"":150.9535040505806}"
2026-08-31T06:30:36.466Z,"{""lat"":-33.958084557267036,""lon"":150.9535040505806}"
2026-08-31T06:30:37.465Z,"{""lat"":-33.958084557267036,""lon"":150.9535040505806}"
2026-08-31T06:30:38.465Z,"{""lat"":-33.958084557267036,""lon"":150.9535040505806}"
2026-08-31T06:30:39.465Z,"{""lat"":-33.958084557267036,""lon"":150.9535040505806}"
2026-08-31T06:30:40.466Z,"{""lat"":-33.958084557267036,""lon"":150.9535040505806}"
2026-08-31T06:30:41.466Z,"{""lat"":-33.958084557267036,""lon"":150.9535040505806}"
2026-08-31T06:30:42.466Z,"{""lat"":-33.958084557267036,""lon"":150.9535040505806}"
2026-08-31T06:30:43.466Z,"{""lat"":-33.958084557267036,""lon"":150.9535040505806}"
2026-08-31T06:30:44.466Z,"{""lat"":-33.958084557267036,""lon"":150.9535040505806}"
2026-08-31T06:30:45.467Z,"{""lat"":-33.958084557267036,""lon"":150.9535040505806}"
2026-08-31T06:30:46.467Z,"{""lat"":-33.958084557267036,""lon"":150.9535040505806}"
2026-08-31T06:30:47.467Z,"{""lat"":-33.958084557267036,""lon"":150.9535040505806}"
2026-08-31T06:30:48.467Z,"{""lat"":-33.958084557267036,""lon"":150.9535040505806}"
2026-08-31T06:30:49.468Z,"{""lat"":-33.958084557267036,""lon"":150.9535040505806}"
2026-08-31T06:30:50.469Z,"{""lat"":-33.958084557267036,""lon"":150.9535040505806}"
2026-08-31T06:30:51.468Z,"{""lat"":-33.958084557267036,""lon"":150.9535040505806}"
2026-08-31T06:30:52.468Z,"{""lat"":-33.958084557267036,""lon"":150.9535040505806}"
2026-08-31T06:30:53.469Z,"{""lat"":-33.958084557267036,""lon"":150.9535040505806}"
2026-08-31T06:30:54.469Z,"{""lat"":-33.958084557267036,""lon"":150.9535040505806}"
2026-08-31T06:30:55.469Z,"{""lat"":-33.958084557267036,""lon"":150.9535040505806}"
2026-08-31T06:30:56.469Z,"{""lat"":-33.958084557267036,""lon"":150.9535040505806}"
2026-08-31T06:30:57.469Z,"{""lat"":-33.958084557267036,""lon"":150.9535040505806}"
2026-08-31T06:30:58.47Z,"{""lat"":-33.958084557267036,""lon"":150.9535040505806}"
2026-08-31T06:30:59.47Z,"{""lat"":-33.958084557267036,""lon"":150.9535040505806}"
2026-08-31T06:31:00.47Z,"{""lat"":-33.958084557267036,""lon"":150.9535040505806}"
2026-08-31T06:31:01.47Z,"{""lat"":-33.958084557267036,""lon"":150.9535040505806}"
2026-08-31T06:31:02.47Z,"{""lat"":-33.958084557267036,""lon"":150.9535040505806}"
2026-08-31T06:31:03.471Z,"{""lat"":-33.958084557267036,""lon"":150.9535040505806}"
2026-08-31T06:31:04.471Z,"{""lat"":-33.958084557267036,""lon"":150.9535040505806}"
2026-08-31T06:31:05.471Z,"{""lat"":-33.958084557267036,""lon"":150.9535040505806}"
2026-08-31T06:31:06.471Z,"{""lat"":-33.958084557267036,""lon"":150.9535040505806}"
2026-08-31T06:31:07.472Z,"{""lat"":-33.958084557267036,""lon"":150.9535040505806}"
2026-08-31T06:31:08.472Z,"{""lat"":-33.958084557267036,""lon"":150.9535040505806}"
2026-08-31T06:31:09.472Z,"{""lat"":-33.958084557267036,""lon"":150.9535040505806}"
2026-08-31T06:31:10.472Z,"{""lat"":-33.958084557267036,""lon"":150.9535040505806}"
2026-08-31T06:31:11.473Z,"{""lat"":-33.958084557267036,""lon"":150.9535040505806}"
2026-08-31T06:31:12.473Z,"{""lat"":-33.958084557267036,""lon"":150.9535040505806}"
2026-08-31T06:31:13.473Z,"{""lat"":-33.958084557267036,""lon"":150.9535040505806}"
2026-08-31T06:31:14.473Z,"{""lat"":-33.958084557267036,""lon"":150.9535040505806}"
2026-08-31T06:31:15.473Z,"{""lat"":-33.958084557267036,""lon"":150.9535040505806}"
2026-08-31T06:31:16.474Z,"{""lat"":-33.958084557267036,""lon"":150.9535040505806}"
2026-08-31T06:31:17.474Z,"{""lat"":-33.958084557267036,""lon"":150.9535040505806}"
2026-08-31T06:31:18.474Z,"{""lat"":-33.958084557267036,""lon"":150.9535040505806}"
2026-08-31T06:31:19.474Z,"{""lat"":-33.958084557267036,""lon"":150.9535040505806}"
2026-08-31T06:31:20.475Z,"{""lat"":-33.958084557267036,""lon"":150.9535040505806}"
2026-08-31T06:31:21.475Z,"{""lat"":-33.958084557267036,""lon"":150.9535040505806}"
2026-08-31T06:31:22.475Z,"{""lat"":-33.958084557267036,""lon"":150.9535040505806}"
2026-08-31T06:31:23.475Z,"{""lat"":-33.958084557267036,""lon"":150.9535040505806}"
2026-08-31T06:31:24.475Z,"{""lat"":-33.958084557267036,""lon"":150.9535040505806}"
2026-08-31T06:31:25.476Z,"{""lat"":-33.958084557267036,""lon"":150.9535040505806}"
2026-08-31T06:31:26.476Z,"{""lat"":-33.958084557267036,""lon"":150.9535040505806}"
2026-08-31T06:31:27.476Z,"{""lat"":-33.958084557267036,""lon"":150.9535040505806}"
2026-08-31T06:31:28.476Z,"{""lat"":-33.958084557267036,""lon"":150.9535040505806}"
2026-08-31T06:31:29.477Z,"{""lat"":-33.958084557267036,""lon"":150.9535040505806}"
2026-08-31T06:31:30.477Z,"{""lat"":-33.958084557267036,""lon"":150.9535040505806}"
2026-08-31T06:31:31.477Z,"{""lat"":-33.958084557267036,""lon"":150.9535040505806}"
2026-08-31T06:31:32.477Z,"{""lat"":-33.958084557267036,""lon"":150.9535040505806}"
2026-08-31T06:31:33.478Z,"{""lat"":-33.958084557267036,""lon"":150.9535040505806}"
2026-08-31T06:31:34.478Z,"{""lat"":-33.958084557267036,""lon"":150.9535040505806}"
2026-08-31T06:31:35.478Z,"{""lat"":-33.958084557267036,""lon"":150.9535040505806}"
2026-08-31T06:31:36.478Z,"{""lat"":-33.958084557267036,""lon"":150.9535040505806}"
2026-08-31T06:31:37.478Z,"{""lat"":-33.958084557267036,""lon"":150.9535040505806}"
2026-08-31T06:31:38.479Z,"{""lat"":-33.958084557267036,""lon"":150.9535040505806}"
2026-08-31T06:31:39.48Z,"{""lat"":-33.958084557267036,""lon"":150.9535040505806}"
2026-08-31T06:31:40.479Z,"{""lat"":-33.958084557267036,""lon"":150.9535040505806}"
2026-08-31T06:31:41.479Z,"{""lat"":-33.958084557267036,""lon"":150.9535040505806}"
2026-08-31T06:31:42.479Z,"{""lat"":-33.958084557267036,""lon"":150.9535040505806}"
2026-08-31T06:31:43.48Z,"{""lat"":-33.958084557267036,""lon"":150.9535040505806}"
2026-08-31T06:31:44.48Z,"{""lat"":-33.958084557267036,""lon"":150.9535040505806}"
2026-08-31T06:31:45.48Z,"{""lat"":-33.958084557267036,""lon"":150.9535040505806}"
2026-08-31T06:31:46.48Z,"{""lat"":-33.958084557267036,""lon"":150.9535040505806}"
2026-08-31T06:31:47.481Z,"{""lat"":-33.958084557267036,""lon"":150.9535040505806}"
2026-08-31T06:31:48.481Z,"{""lat"":-33.958084557267036,""lon"":150.9535040505806}"
2026-08-31T06:31:49.481Z,"{""lat"":-33.958084557267036,""lon"":150.9535040505806}"
2026-08-31T06:31:50.481Z,"{""lat"":-33.958084557267036,""lon"":150.9535040505806}"
2026-08-31T06:31:51.481Z,"{""lat"":-33.958084557267036,""lon"":150.9535040505806}"
2026-08-31T06:31:52.482Z,"{""lat"":-33.958084557267036,""lon"":150.9535040505806}"
2026-08-31T06:31:53.482Z,"{""lat"":-33.958084557267036,""lon"":150.9535040505806}"
2026-08-31T06:31:54.482Z,"{""lat"":-33.958084557267036,""lon"":150.9535040505806}"
2026-08-31T06:31:55.483Z,"{""lat"":-33.958084557267036,""lon"":150.9535040505806}"
2026-08-31T06:31:56.484Z,"{""lat"":-33.958084557267036,""lon"":150.9535040505806}"
2026-08-31T06:31:57.483Z,"{""lat"":-33.958084557267036,""lon"":150.9535040505806}"
2026-08-31T06:31:58.483Z,"{""lat"":-33.958084557267036,""lon"":150.9535040505806}"
2026-08-31T06:31:59.483Z,"{""lat"":-33.958084557267036,""lon"":150.9535040505806}"
2026-08-31T06:32:00.484Z,"{""lat"":-33.958084557267036,""lon"":150.9535040505806}"
2026-08-31T06:32:01.484Z,"{""lat"":-33.958084557267036,""lon"":150.9535040505806}"
2026-08-31T06:32:02.484Z,"{""lat"":-33.958084557267036,""lon"":150.9535040505806}"
2026-08-31T06:32:03.484Z,"{""lat"":-33.958084557267036,""lon"":150.9535040505806}"
2026-08-31T06:32:04.484Z,"{""lat"":-33.958084557267036,""lon"":150.9535040505806}"
2026-08-31T06:32:05.485Z,"{""lat"":-33.958084557267036,""lon"":150.9535040505806}"
2026-08-31T06:32:06.485Z,"{""lat"":-33.958084557267036,""lon"":150.9535040505806}"
2026-08-31T06:32:07.485Z,"{""lat"":-33.958084557267036,""lon"":150.9535040505806}"
2026-08-31T06:32:08.485Z,"{""lat"":-33.958084557267036,""lon"":150.9535040505806}"
2026-08-31T06:32:09.486Z,"{""lat"":-33.958084557267036,""lon"":150.9535040505806}"
2026-08-31T06:32:10.486Z,"{""lat"":-33.958084557267036,""lon"":150.9535040505806}"
2026-08-31T06:32:11.486Z,"{""lat"":-33.958084557267036,""lon"":150.9535040505806}"
2026-08-31T06:32:12.486Z,"{""lat"":-33.958084557267036,""lon"":150.9535040505806}"
2026-08-31T06:32:13.487Z,"{""lat"":-33.958084557267036,""lon"":150.9535040505806}"
2026-08-31T06:32:14.487Z,"{""lat"":-33.958084557267036,""lon"":150.9535040505806}"
2026-08-31T06:32:15.487Z,"{""lat"":-33.958084557267036,""lon"":150.9535040505806}"
2026-08-31T06:32:16.487Z,"{""lat"":-33.958084557267036,""lon"":150.9535040505806}"
2026-08-31T06:32:17.488Z,"{""lat"":-33.958084557267036,""lon"":150.9535040505806}"
2026-08-31T06:32:18.488Z,"{""lat"":-33.958084557267036,""lon"":150.9535040505806}"
2026-08-31T06:32:19.488Z,"{""lat"":-33.958084557267036,""lon"":150.9535040505806}"
2026-08-31T06:32:20.488Z,"{""lat"":-33.958084557267036,""lon"":150.9535040505806}"
2026-08-31T06:32:21.489Z,"{""lat"":-33.958084557267036,""lon"":150.9535040505806}"
2026-08-31T06:32:22.489Z,"{""lat"":-33.958084557267036,""lon"":150.9535040505806}"
2026-08-31T06:32:23.489Z,"{""lat"":-33.958084557267036,""lon"":150.9535040505806}"
2026-08-31T06:32:24.489Z,"{""lat"":-33.958084557267036,""lon"":150.9535040505806}"
2026-08-31T06:32:25.49Z,"{""lat"":-33.958084557267036,""lon"":150.9535040505806}"
2026-08-31T06:32:26.49Z,"{""lat"":-33.958084557267036,""lon"":150.9535040505806}"
2026-08-31T06:32:27.49Z,"{""lat"":-33.958084557267036,""lon"":150.9535040505806}"
2026-08-31T06:32:28.49Z,"{""lat"":-33.958084557267036,""lon"":150.9535040505806}"
2026-08-31T06:32:29.491Z,"{""lat"":-33.958084557267036,""lon"":150.9535040505806}"
2026-08-31T06:32:30.491Z,"{""lat"":-33.958084557267036,""lon"":150.9535040505806}"
2026-08-31T06:32:31.491Z,"{""lat"":-33.958084557267036,""lon"":150.9535040505806}"
2026-08-31T06:32:32.491Z,"{""lat"":-33.958084557267036,""lon"":150.9535040505806}"
2026-08-31T06:32:33.492Z,"{""lat"":-33.958084557267036,""lon"":150.9535040505806}"
2026-08-31T06:32:34.492Z,"{""lat"":-33.958084557267036,""lon"":150.9535040505806}"
2026-08-31T06:32:35.492Z,"{""lat"":-33.958084557267036,""lon"":150.9535040505806}"
2026-08-31T06:32:36.492Z,"{""lat"":-33.958084557267036,""lon"":150.9535040505806}"
2026-08-31T06:32:37.493Z,"{""lat"":-33.958084557267036,""lon"":150.9535040505806}"
2026-08-31T06:32:38.493Z,"{""lat"":-33.958084557267036,""lon"":150.9535040505806}"
2026-08-31T06:32:39.493Z,"{""lat"":-33.958084557267036,""lon"":150.9535040505806}"
2026-08-31T06:32:40.493Z,"{""lat"":-33.958084557267036,""lon"":150.9535040505806}"
2026-08-31T06:32:41.493Z,"{""lat"":-33.958084557267036,""lon"":150.9535040505806}"
2026-08-31T06:32:42.494Z,"{""lat"":-33.958084557267036,""lon"":150.9535040505806}"
2026-08-31T06:32:43.494Z,"{""lat"":-33.958084557267036,""lon"":150.9535040505806}"
2026-08-31T06:32:44.494Z,"{""lat"":-33.958084557267036,""lon"":150.9535040505806}"
2026-08-31T06:32:45.494Z,"{""lat"":-33.958084557267036,""lon"":150.9535040505806}"
2026-08-31T06:32:46.495Z,"{""lat"":-33.958084557267036,""lon"":150.9535040505806}"
2026-08-31T06:32:47.495Z,"{""lat"":-33.958084557267036,""lon"":150.9535040505806}"
2026-08-31T06:32:48.495Z,"{""lat"":-33.958084557267036,""lon"":150.9535040505806}"
2026-08-31T06:32:49.495Z,"{""lat"":-33.958084557267036,""lon"":150.9535040505806}"
2026-08-31T06:32:50.496Z,"{""lat"":-33.958084557267036,""lon"":150.9535040505806}"
2026-08-31T06:32:51.496Z,"{""lat"":-33.958084557267036,""lon"":150.9535040505806}"
2026-08-31T06:32:52.496Z,"{""lat"":-33.958084557267036,""lon"":150.9535040505806}"
2026-08-31T06:32:53.496Z,"{""lat"":-33.958084557267036,""lon"":150.9535040505806}"
2026-08-31T06:32:54.496Z,"{""lat"":-33.958084557267036,""lon"":150.9535040505806}"
2026-08-31T06:32:55.497Z,"{""lat"":-33.958084557267036,""lon"":150.9535040505806}"
2026-08-31T06:32:56.497Z,"{""lat"":-33.958084557267036,""lon"":150.9535040505806}"
2026-08-31T06:32:57.497Z,"{""lat"":-33.958084557267036,""lon"":150.9535040505806}"
2026-08-31T06:32:58.497Z,"{""lat"":-33.958084557267036,""lon"":150.9535040505806}"
2026-08-31T06:32:59.498Z,"{""lat"":-33.958084557267036,""lon"":150.9535040505806}"
2026-08-31T06:33:00.498Z,"{""lat"":-33.958084557267036,""lon"":150.9535040505806}"
2026-08-31T06:33:01.498Z,"{""lat"":-33.958084557267036,""lon"":150.9535040505806}"
2026-08-31T06:33:02.498Z,"{""lat"":-33.958084557267036,""lon"":150.9535040505806}"
2026-08-31T06:33:03.499Z,"{""lat"":-33.958084557267036,""lon"":150.9535040505806}"
2026-08-31T06:33:04.499Z,"{""lat"":-33.958084557267036,""lon"":150.9535040505806}"
2026-08-31T06:33:05.499Z,"{""lat"":-33.958084557267036,""lon"":150.9535040505806}"
2026-08-31T06:33:06.499Z,"{""lat"":-33.958084557267036,""lon"":150.9535040505806}"
2026-08-31T06:33:07.499Z,"{""lat"":-33.958084557267036,""lon"":150.9535040505806}"
2026-08-31T06:33:08.5Z,"{""lat"":-33.958084557267036,""lon"":150.9535040505806}"
2026-08-31T06:33:09.5Z,"{""lat"":-33.958084557267036,""lon"":150.9535040505806}"
2026-08-31T06:33:10.5Z,"{""lat"":-33.958084557267036,""lon"":150.9535040505806}"
2026-08-31T06:33:11.5Z,"{""lat"":-33.958084557267036,""lon"":150.9535040505806}"
2026-08-31T06:33:12.501Z,"{""lat"":-33.958084557267036,""lon"":150.9535040505806}"
2026-08-31T06:33:13.501Z,"{""lat"":-33.958084557267036,""lon"":150.9535040505806}"
2026-08-31T06:33:14.501Z,"{""lat"":-33.958084557267036,""lon"":150.9535040505806}"
2026-08-31T06:33:15.501Z,"{""lat"":-33.958084557267036,""lon"":150.9535040505806}"
2026-08-31T06:33:16.502Z,"{""lat"":-33.958084557267036,""lon"":150.9535040505806}"
2026-08-31T06:33:17.502Z,"{""lat"":-33.958084557267036,""lon"":150.9535040505806}"
2026-08-31T06:33:18.502Z,"{""lat"":-33.958084557267036,""lon"":150.9535040505806}"
2026-08-31T06:33:19.502Z,"{""lat"":-33.958084557267036,""lon"":150.9535040505806}"
2026-08-31T06:33:20.503Z,"{""lat"":-33.958084557267036,""lon"":150.9535040505806}"
2026-08-31T06:33:21.503Z,"{""lat"":-33.958084557267036,""lon"":150.9535040505806}"
2026-08-31T06:33:22.504Z,"{""lat"":-33.958084557267036,""lon"":150.9535040505806}"
2026-08-31T06:33:23.503Z,"{""lat"":-33.958084557267036,""lon"":150.9535040505806}"
2026-08-31T06:33:24.503Z,"{""lat"":-33.958084557267036,""lon"":150.9535040505806}"
2026-08-31T06:33:25.504Z,"{""lat"":-33.958084557267036,""lon"":150.9535040505806}"
2026-08-31T06:33:26.504Z,"{""lat"":-33.958084557267036,""lon"":150.9535040505806}"
2026-08-31T06:33:27.504Z,"{""lat"":-33.958084557267036,""lon"":150.9535040505806}"
2026-08-31T06:33:28.504Z,"{""lat"":-33.958084557267036,""lon"":150.9535040505806}"
2026-08-31T06:33:29.504Z,"{""lat"":-33.958084557267036,""lon"":150.9535040505806}"
2026-08-31T06:33:30.505Z,"{""lat"":-33.958084557267036,""lon"":150.9535040505806}"
2026-08-31T06:33:31.505Z,"{""lat"":-33.958084557267036,""lon"":150.9535040505806}"
2026-08-31T06:33:32.505Z,"{""lat"":-33.958084557267036,""lon"":150.9535040505806}"
2026-08-31T06:33:33.505Z,"{""lat"":-33.958084557267036,""lon"":150.9535040505806}"
2026-08-31T06:33:34.506Z,"{""lat"":-33.958084557267036,""lon"":150.9535040505806}"
2026-08-31T06:33:35.506Z,"{""lat"":-33.958084557267036,""lon"":150.9535040505806}"
2026-08-31T06:33:36.506Z,"{""lat"":-33.958084557267036,""lon"":150.9535040505806}"
2026-08-31T06:33:37.506Z,"{""lat"":-33.958084557267036,""lon"":150.9535040505806}"
2026-08-31T06:33:38.506Z,"{""lat"":-33.958084557267036,""lon"":150.9535040505806}"
2026-08-31T06:33:39.507Z,"{""lat"":-33.958084557267036,""lon"":150.9535040505806}"
2026-08-31T06:33:40.507Z,"{""lat"":-33.958084557267036,""lon"":150.9535040505806}"
2026-08-31T06:33:41.507Z,"{""lat"":-33.958084557267036,""lon"":150.9535040505806}"
2026-08-31T06:33:42.507Z,"{""lat"":-33.958084557267036,""lon"":150.9535040505806}"
2026-08-31T06:33:43.508Z,"{""lat"":-33.958084557267036,""lon"":150.9535040505806}"
2026-08-31T06:33:44.508Z,"{""lat"":-33.958084557267036,""lon"":150.9535040505806}"
2026-08-31T06:33:45.508Z,"{""lat"":-33.958084557267036,""lon"":150.9535040505806}"
2026-08-31T06:33:46.508Z,"{""lat"":-33.958084557267036,""lon"":150.9535040505806}"
2026-08-31T06:33:47.509Z,"{""lat"":-33.958084557267036,""lon"":150.9535040505806}"
2026-08-31T06:33:48.509Z,"{""lat"":-33.958084557267036,""lon"":150.9535040505806}"
2026-08-31T06:33:49.509Z,"{""lat"":-33.958084557267036,""lon"":150.9535040505806}"
2026-08-31T06:33:50.509Z,"{""lat"":-33.958084557267036,""lon"":150.9535040505806}"
2026-08-31T06:33:51.509Z,"{""lat"":-33.958084557267036,""lon"":150.9535040505806}"
2026-08-31T06:33:52.51Z,"{""lat"":-33.958084557267036,""lon"":150.9535040505806}"
2026-08-31T06:33:53.51Z,"{""lat"":-33.958084557267036,""lon"":150.9535040505806}"
2026-08-31T06:33:54.51Z,"{""lat"":-33.958084557267036,""lon"":150.9535040505806}"
2026-08-31T06:33:55.51Z,"{""lat"":-33.958084557267036,""lon"":150.9535040505806}"
2026-08-31T06:33:56.511Z,"{""lat"":-33.958084557267036,""lon"":150.9535040505806}"
2026-08-31T06:33:57.511Z,"{""lat"":-33.958084557267036,""lon"":150.9535040505806}"
2026-08-31T06:33:58.511Z,"{""lat"":-33.958084557267036,""lon"":150.9535040505806}"
2026-08-31T06:33:59.511Z,"{""lat"":-33.958084557267036,""lon"":150.9535040505806}"
2026-08-31T06:34:00.511Z,"{""lat"":-33.958084557267036,""lon"":150.9535040505806}"
2026-08-31T06:34:01.512Z,"{""lat"":-33.958084557267036,""lon"":150.9535040505806}"
2026-08-31T06:34:02.512Z,"{""lat"":-33.958084557267036,""lon"":150.9535040505806}"
2026-08-31T06:34:03.512Z,"{""lat"":-33.958084557267036,""lon"":150.9535040505806}"
2026-08-31T06:34:04.512Z,"{""lat"":-33.958084557267036,""lon"":150.9535040505806}"
2026-08-31T06:34:05.513Z,"{""lat"":-33.958084557267036,""lon"":150.9535040505806}"
2026-08-31T06:34:06.513Z,"{""lat"":-33.958084557267036,""lon"":150.9535040505806}"
2026-08-31T06:34:07.514Z,"{""lat"":-33.958084557267036,""lon"":150.9535040505806}"
2026-08-31T06:34:08.513Z,"{""lat"":-33.958084557267036,""lon"":150.9535040505806}"
2026-08-31T06:34:09.513Z,"{""lat"":-33.958084557267036,""lon"":150.9535040505806}"
2026-08-31T06:34:10.514Z,"{""lat"":-33.958084557267036,""lon"":150.9535040505806}"
2026-08-31T06:34:11.514Z,"{""lat"":-33.958084557267036,""lon"":150.9535040505806}"
2026-08-31T06:34:12.514Z,"{""lat"":-33.958084557267036,""lon"":150.9535040505806}"
2026-08-31T06:34:13.514Z,"{""lat"":-33.958084557267036,""lon"":150.9535040505806}"
2026-08-31T06:34:14.515Z,"{""lat"":-33.958084557267036,""lon"":150.9535040505806}"
2026-08-31T06:34:15.515Z,"{""lat"":-33.958084557267036,""lon"":150.9535040505806}"
2026-08-31T06:34:16.515Z,"{""lat"":-33.958084557267036,""lon"":150.9535040505806}"
2026-08-31T06:34:17.515Z,"{""lat"":-33.958084557267036,""lon"":150.9535040505806}"
2026-08-31T06:34:18.516Z,"{""lat"":-33.958084557267036,""lon"":150.9535040505806}"
2026-08-31T06:34:19.516Z,"{""lat"":-33.958084557267036,""lon"":150.9535040505806}"
2026-08-31T06:34:20.516Z,"{""lat"":-33.958084557267036,""lon"":150.9535040505806}"
2026-08-31T06:34:21.516Z,"{""lat"":-33.958084557267036,""lon"":150.9535040505806}"
2026-08-31T06:34:22.517Z,"{""lat"":-33.958084557267036,""lon"":150.9535040505806}"
2026-08-31T06:34:23.517Z,"{""lat"":-33.958084557267036,""lon"":150.9535040505806}"
2026-08-31T06:34:24.517Z,"{""lat"":-33.958084557267036,""lon"":150.9535040505806}"
2026-08-31T06:34:25.517Z,"{""lat"":-33.958084557267036,""lon"":150.9535040505806}"
2026-08-31T06:34:26.518Z,"{""lat"":-33.958084557267036,""lon"":150.9535040505806}"
2026-08-31T06:34:27.518Z,"{""lat"":-33.958084557267036,""lon"":150.9535040505806}"
2026-08-31T06:34:28.518Z,"{""lat"":-33.958084557267036,""lon"":150.9535040505806}"
2026-08-31T06:34:29.518Z,"{""lat"":-33.958084557267036,""lon"":150.9535040505806}"
2026-08-31T06:34:30.519Z,"{""lat"":-33.958084557267036,""lon"":150.9535040505806}"
2026-08-31T06:34:31.519Z,"{""lat"":-33.958084557267036,""lon"":150.9535040505806}"
2026-08-31T06:34:32.519Z,"{""lat"":-33.958084557267036,""lon"":150.9535040505806}"
2026-08-31T06:34:33.519Z,"{""lat"":-33.958084557267036,""lon"":150.9535040505806}"
2026-08-31T06:34:34.52Z,"{""lat"":-33.958084557267036,""lon"":150.9535040505806}"
2026-08-31T06:34:35.52Z,"{""lat"":-33.958084557267036,""lon"":150.9535040505806}"
2026-08-31T06:34:36.52Z,"{""lat"":-33.958084557267036,""lon"":150.9535040505806}"
2026-08-31T06:34:37.52Z,"{""lat"":-33.958084557267036,""lon"":150.9535040505806}"
2026-08-31T06:34:38.52Z,"{""lat"":-33.958084557267036,""lon"":150.9535040505806}"
2026-08-31T06:34:39.521Z,"{""lat"":-33.958084557267036,""lon"":150.9535040505806}"
2026-08-31T06:34:40.521Z,"{""lat"":-33.958084557267036,""lon"":150.9535040505806}"
2026-08-31T06:34:41.521Z,"{""lat"":-33.958084557267036,""lon"":150.9535040505806}"
2026-08-31T06:34:42.521Z,"{""lat"":-33.958084557267036,""lon"":150.9535040505806}"
2026-08-31T06:34:43.522Z,"{""lat"":-33.958084557267036,""lon"":150.9535040505806}"
2026-08-31T06:34:44.522Z,"{""lat"":-33.958084557267036,""lon"":150.9535040505806}"
2026-08-31T06:34:45.522Z,"{""lat"":-33.958084557267036,""lon"":150.9535040505806}"
2026-08-31T06:34:46.522Z,"{""lat"":-33.958084557267036,""lon"":150.9535040505806}"
2026-08-31T06:34:47.523Z,"{""lat"":-33.958084557267036,""lon"":150.9535040505806}"
2026-08-31T06:34:48.523Z,"{""lat"":-33.958084557267036,""lon"":150.9535040505806}"
2026-08-31T06:34:49.523Z,"{""lat"":-33.958084557267036,""lon"":150.9535040505806}"
2026-08-31T06:34:50.523Z,"{""lat"":-33.958084557267036,""lon"":150.9535040505806}"
2026-08-31T06:34:51.524Z,"{""lat"":-33.958084557267036,""lon"":150.9535040505806}"
2026-08-31T06:34:52.524Z,"{""lat"":-33.958084557267036,""lon"":150.9535040505806}"
2026-08-31T06:34:53.524Z,"{""lat"":-33.958084557267036,""lon"":150.9535040505806}"
2026-08-31T06:34:54.524Z,"{""lat"":-33.958084557267036,""lon"":150.9535040505806}"
2026-08-31T06:34:55.524Z,"{""lat"":-33.958084557267036,""lon"":150.9535040505806}"
2026-08-31T06:34:56.525Z,"{""lat"":-33.958084557267036,""lon"":150.9535040505806}"
2026-08-31T06:34:57.525Z,"{""lat"":-33.958084557267036,""lon"":150.9535040505806}"
2026-08-31T06:34:58.525Z,"{""lat"":-33.958084557267036,""lon"":150.9535040505806}"
2026-08-31T06:34:59.525Z,"{""lat"":-33.958084557267036,""lon"":150.9535040505806}"
2026-08-31T06:35:00.526Z,"{""lat"":-33.958084557267036,""lon"":150.9535040505806}"
2026-08-31T06:35:01.526Z,"{""lat"":-33.958084557267036,""lon"":150.9535040505806}"
2026-08-31T06:35:02.526Z,"{""lat"":-33.958084557267036,""lon"":150.9535040505806}"
2026-08-31T06:35:03.526Z,"{""lat"":-33.958084557267036,""lon"":150.9535040505806}"
2026-08-31T06:35:04.527Z,"{""lat"":-33.958084557267036,""lon"":150.9535040505806}"
2026-08-31T06:35:05.527Z,"{""lat"":-33.958084557267036,""lon"":150.9535040505806}"
2026-08-31T06:35:06.527Z,"{""lat"":-33.958084557267036,""lon"":150.9535040505806}"
2026-08-31T06:35:07.527Z,"{""lat"":-33.958084557267036,""lon"":150.9535040505806}"
2026-08-31T06:35:08.527Z,"{""lat"":-33.958084557267036,""lon"":150.9535040505806}"
2026-08-31T06:35:09.528Z,"{""lat"":-33.958084557267036,""lon"":150.9535040505806}"
2026-08-31T06:35:10.528Z,"{""lat"":-33.958084557267036,""lon"":150.9535040505806}"
2026-08-31T06:35:11.528Z,"{""lat"":-33.958084557267036,""lon"":150.9535040505806}"
2026-08-31T06:35:12.528Z,"{""lat"":-33.958084557267036,""lon"":150.9535040505806}"
2026-08-31T06:35:13.529Z,"{""lat"":-33.958084557267036,""lon"":150.9535040505806}"
2026-08-31T06:35:14.529Z,"{""lat"":-33.958084557267036,""lon"":150.9535040505806}"
2026-08-31T06:35:15.529Z,"{""lat"":-33.958084557267036,""lon"":150.9535040505806}"
2026-08-31T06:35:16.529Z,"{""lat"":-33.958084557267036,""lon"":150.9535040505806}"
2026-08-31T06:35:17.53Z,"{""lat"":-33.958084557267036,""lon"":150.9535040505806}"
2026-08-31T06:35:18.53Z,"{""lat"":-33.958084557267036,""lon"":150.9535040505806}"
2026-08-31T06:35:19.53Z,"{""lat"":-33.958084557267036,""lon"":150.9535040505806}"
2026-08-31T06:35:20.53Z,"{""lat"":-33.958084557267036,""lon"":150.9535040505806}"
2026-08-31T06:35:21.53Z,"{""lat"":-33.958084557267036,""lon"":150.9535040505806}"
2026-08-31T06:35:22.531Z,"{""lat"":-33.958084557267036,""lon"":150.9535040505806}"
2026-08-31T06:35:23.531Z,"{""lat"":-33.958084557267036,""lon"":150.9535040505806}"
2026-08-31T06:35:24.531Z,"{""lat"":-33.958084557267036,""lon"":150.9535040505806}"
2026-08-31T06:35:25.531Z,"{""lat"":-33.958084557267036,""lon"":150.9535040505806}"
2026-08-31T06:35:26.532Z,"{""lat"":-33.958084557267036,""lon"":150.9535040505806}"
2026-08-31T06:35:27.532Z,"{""lat"":-33.958084557267036,""lon"":150.9535040505806}"
2026-08-31T06:35:28.532Z,"{""lat"":-33.958084557267036,""lon"":150.9535040505806}"
2026-08-31T06:35:29.532Z,"{""lat"":-33.958084557267036,""lon"":150.9535040505806}"
2026-08-31T06:35:30.532Z,"{""lat"":-33.958084557267036,""lon"":150.9535040505806}"
2026-08-31T06:35:31.533Z,"{""lat"":-33.958084557267036,""lon"":150.9535040505806}"
2026-08-31T06:35:32.533Z,"{""lat"":-33.958084557267036,""lon"":150.9535040505806}"
2026-08-31T06:35:33.533Z,"{""lat"":-33.958084557267036,""lon"":150.9535040505806}"
2026-08-31T06:35:34.533Z,"{""lat"":-33.958084557267036,""lon"":150.9535040505806}"
2026-08-31T06:35:35.534Z,"{""lat"":-33.958084557267036,""lon"":150.9535040505806}"
2026-08-31T06:35:36.534Z,"{""lat"":-33.958084557267036,""lon"":150.9535040505806}"
2026-08-31T06:35:37.534Z,"{""lat"":-33.958084557267036,""lon"":150.9535040505806}"
2026-08-31T06:35:38.534Z,"{""lat"":-33.958084557267036,""lon"":150.9535040505806}"
2026-08-31T06:35:39.535Z,"{""lat"":-33.958084557267036,""lon"":150.9535040505806}"
2026-08-31T06:35:40.536Z,"{""lat"":-33.958084557267036,""lon"":150.9535040505806}"
2026-08-31T06:35:41.535Z,"{""lat"":-33.958084557267036,""lon"":150.9535040505806}"
2026-08-31T06:35:42.535Z,"{""lat"":-33.958084557267036,""lon"":150.9535040505806}"
2026-08-31T06:35:43.535Z,"{""lat"":-33.958084557267036,""lon"":150.9535040505806}"
2026-08-31T06:35:44.536Z,"{""lat"":-33.958084557267036,""lon"":150.9535040505806}"
2026-08-31T06:35:45.537Z,"{""lat"":-33.958084557267036,""lon"":150.9535040505806}"
2026-08-31T06:35:46.536Z,"{""lat"":-33.958084557267036,""lon"":150.9535040505806}"
2026-08-31T06:35:47.536Z,"{""lat"":-33.958084557267036,""lon"":150.9535040505806}"
2026-08-31T06:35:48.537Z,"{""lat"":-33.958084557267036,""lon"":150.9535040505806}"
2026-08-31T06:35:49.537Z,"{""lat"":-33.958084557267036,""lon"":150.9535040505806}"
2026-08-31T06:35:50.537Z,"{""lat"":-33.958084557267036,""lon"":150.9535040505806}"
2026-08-31T06:35:51.537Z,"{""lat"":-33.958084557267036,""lon"":150.9535040505806}"
2026-08-31T06:35:52.537Z,"{""lat"":-33.958084557267036,""lon"":150.9535040505806}"
2026-08-31T06:35:53.539Z,"{""lat"":-33.958084557267036,""lon"":150.9535040505806}"
2026-08-31T06:35:54.538Z,"{""lat"":-33.958084557267036,""lon"":150.9535040505806}"
2026-08-31T06:35:55.538Z,"{""lat"":-33.958084557267036,""lon"":150.9535040505806}"
2026-08-31T06:35:56.538Z,"{""lat"":-33.958084557267036,""lon"":150.9535040505806}"
2026-08-31T06:35:57.539Z,"{""lat"":-33.958084557267036,""lon"":150.9535040505806}"
2026-08-31T06:35:58.539Z,"{""lat"":-33.958084557267036,""lon"":150.9535040505806}"
2026-08-31T06:35:59.539Z,"{""lat"":-33.958084557267036,""lon"":150.9535040505806}"
2026-08-31T06:36:00.539Z,"{""lat"":-33.958084557267036,""lon"":150.9535040505806}"
2026-08-31T06:36:01.54Z,"{""lat"":-33.958084557267036,""lon"":150.9535040505806}"
2026-08-31T06:36:02.54Z,"{""lat"":-33.958084557267036,""lon"":150.9535040505806}"
2026-08-31T06:36:03.54Z,"{""lat"":-33.958084557267036,""lon"":150.9535040505806}"
2026-08-31T06:36:04.54Z,"{""lat"":-33.958084557267036,""lon"":150.9535040505806}"
2026-08-31T06:36:05.54Z,"{""lat"":-33.958084557267036,""lon"":150.9535040505806}"
2026-08-31T06:36:06.541Z,"{""lat"":-33.958084557267036,""lon"":150.9535040505806}"
2026-08-31T06:36:07.541Z,"{""lat"":-33.958084557267036,""lon"":150.9535040505806}"
2026-08-31T06:36:08.541Z,"{""lat"":-33.958084557267036,""lon"":150.9535040505806}"
2026-08-31T06:36:09.541Z,"{""lat"":-33.958084557267036,""lon"":150.9535040505806}"
2026-08-31T06:36:10.542Z,"{""lat"":-33.958084557267036,""lon"":150.9535040505806}"
2026-08-31T06:36:11.542Z,"{""lat"":-33.958084557267036,""lon"":150.9535040505806}"
2026-08-31T06:36:12.542Z,"{""lat"":-33.958084557267036,""lon"":150.9535040505806}"
2026-08-31T06:36:13.542Z,"{""lat"":-33.958084557267036,""lon"":150.9535040505806}"
2026-08-31T06:36:14.542Z,"{""lat"":-33.958084557267036,""lon"":150.9535040505806}"
2026-08-31T06:36:15.543Z,"{""lat"":-33.958084557267036,""lon"":150.9535040505806}"
2026-08-31T06:36:16.543Z,"{""lat"":-33.958084557267036,""lon"":150.9535040505806}"
2026-08-31T06:36:17.543Z,"{""lat"":-33.958084557267036,""lon"":150.9535040505806}"
2026-08-31T06:36:18.543Z,"{""lat"":-33.958084557267036,""lon"":150.9535040505806}"
2026-08-31T06:36:19.544Z,"{""lat"":-33.958084557267036,""lon"":150.9535040505806}"
2026-08-31T06:36:20.544Z,"{""lat"":-33.958084557267036,""lon"":150.9535040505806}"
2026-08-31T06:36:21.544Z,"{""lat"":-33.958084557267036,""lon"":150.9535040505806}"
2026-08-31T06:36:22.544Z,"{""lat"":-33.958084557267036,""lon"":150.9535040505806}"
2026-08-31T06:36:23.545Z,"{""lat"":-33.958084557267036,""lon"":150.9535040505806}"
2026-08-31T06:36:24.545Z,"{""lat"":-33.958084557267036,""lon"":150.9535040505806}"
2026-08-31T06:36:25.545Z,"{""lat"":-33.958084557267036,""lon"":150.9535040505806}"
2026-08-31T06:36:26.545Z,"{""lat"":-33.958084557267036,""lon"":150.9535040505806}"
2026-08-31T06:36:27.546Z,"{""lat"":-33.958084557267036,""lon"":150.9535040505806}"
2026-08-31T06:36:28.546Z,"{""lat"":-33.958084557267036,""lon"":150.9535040505806}"
2026-08-31T06:36:29.546Z,"{""lat"":-33.958084557267036,""lon"":150.9535040505806}"
2026-08-31T06:36:30.546Z,"{""lat"":-33.958084557267036,""lon"":150.9535040505806}"
2026-08-31T06:36:31.547Z,"{""lat"":-33.958084557267036,""lon"":150.9535040505806}"
2026-08-31T06:36:32.547Z,"{""lat"":-33.958084557267036,""lon"":150.9535040505806}"
2026-08-31T06:36:33.547Z,"{""lat"":-33.958084557267036,""lon"":150.9535040505806}"
2026-08-31T06:36:34.547Z,"{""lat"":-33.958084557267036,""lon"":150.9535040505806}"
2026-08-31T06:36:35.547Z,"{""lat"":-33.958084557267036,""lon"":150.9535040505806}"
2026-08-31T06:36:36.548Z,"{""lat"":-33.958084557267036,""lon"":150.9535040505806}"
2026-08-31T06:36:37.548Z,"{""lat"":-33.958084557267036,""lon"":150.9535040505806}"
2026-08-31T06:36:38.548Z,"{""lat"":-33.958084557267036,""lon"":150.9535040505806}"
2026-08-31T06:36:39.549Z,"{""lat"":-33.958084557267036,""lon"":150.9535040505806}"
2026-08-31T06:36:40.549Z,"{""lat"":-33.958084557267036,""lon"":150.9535040505806}"
2026-08-31T06:36:41.549Z,"{""lat"":-33.958084557267036,""lon"":150.9535040505806}"
2026-08-31T06:36:42.549Z,"{""lat"":-33.958084557267036,""lon"":150.9535040505806}"
2026-08-31T06:36:43.55Z,"{""lat"":-33.958084557267036,""lon"":150.9535040505806}"
2026-08-31T06:36:44.55Z,"{""lat"":-33.958084557267036,""lon"":150.9535040505806}"
2026-08-31T06:36:45.55Z,"{""lat"":-33.958084557267036,""lon"":150.9535040505806}"
2026-08-31T06:36:46.55Z,"{""lat"":-33.958084557267036,""lon"":150.9535040505806}"
2026-08-31T06:36:47.55Z,"{""lat"":-33.958084557267036,""lon"":150.9535040505806}"
2026-08-31T06:36:48.551Z,"{""lat"":-33.958084557267036,""lon"":150.9535040505806}"
2026-08-31T06:36:49.551Z,"{""lat"":-33.958084557267036,""lon"":150.9535040505806}"
2026-08-31T06:36:50.551Z,"{""lat"":-33.958084557267036,""lon"":150.9535040505806}"
2026-08-31T06:36:51.551Z,"{""lat"":-33.958084557267036,""lon"":150.9535040505806}"
2026-08-31T06:36:52.552Z,"{""lat"":-33.958084557267036,""lon"":150.9535040505806}"
2026-08-31T06:36:53.552Z,"{""lat"":-33.958084557267036,""lon"":150.9535040505806}"
2026-08-31T06:36:54.552Z,"{""lat"":-33.958084557267036,""lon"":150.9535040505806}"
2026-08-31T06:36:55.552Z,"{""lat"":-33.958084557267036,""lon"":150.9535040505806}"
2026-08-31T06:36:56.553Z,"{""lat"":-33.958084557267036,""lon"":150.9535040505806}"
2026-08-31T06:36:57.553Z,"{""lat"":-33.958084557267036,""lon"":150.9535040505806}"
2026-08-31T06:36:58.553Z,"{""lat"":-33.958084557267036,""lon"":150.9535040505806}"
2026-08-31T06:36:59.553Z,"{""lat"":-33.958084557267036,""lon"":150.9535040505806}"
2026-08-31T06:37:00.553Z,"{""lat"":-33.958084557267036,""lon"":150.9535040505806}"
2026-08-31T06:37:01.554Z,"{""lat"":-33.958084557267036,""lon"":150.9535040505806}"
2026-08-31T06:37:02.554Z,"{""lat"":-33.958084557267036,""lon"":150.9535040505806}"
2026-08-31T06:37:03.554Z,"{""lat"":-33.958084557267036,""lon"":150.9535040505806}"
2026-08-31T06:37:04.554Z,"{""lat"":-33.958084557267036,""lon"":150.9535040505806}"
2026-08-31T06:37:05.555Z,"{""lat"":-33.958084557267036,""lon"":150.9535040505806}"
2026-08-31T06:37:06.555Z,"{""lat"":-33.958084557267036,""lon"":150.9535040505806}"
2026-08-31T06:37:07.555Z,"{""lat"":-33.958084557267036,""lon"":150.9535040505806}"
2026-08-31T06:37:08.555Z,"{""lat"":-33.958084557267036,""lon"":150.9535040505806}"
2026-08-31T06:37:09.556Z,"{""lat"":-33.958084557267036,""lon"":150.9535040505806}"
2026-08-31T06:37:10.556Z,"{""lat"":-33.958084557267036,""lon"":150.9535040505806}"
2026-08-31T06:37:11.556Z,"{""lat"":-33.958084557267036,""lon"":150.9535040505806}"
2026-08-31T06:37:12.556Z,"{""lat"":-33.958084557267036,""lon"":150.9535040505806}"
2026-08-31T06:37:13.557Z,"{""lat"":-33.958084557267036,""lon"":150.9535040505806}"
2026-08-31T06:37:14.557Z,"{""lat"":-33.958084557267036,""lon"":150.9535040505806}"
2026-08-31T06:37:15.557Z,"{""lat"":-33.958084557267036,""lon"":150.9535040505806}"
2026-08-31T06:37:16.557Z,"{""lat"":-33.958084557267036,""lon"":150.9535040505806}"
2026-08-31T06:37:17.557Z,"{""lat"":-33.958084557267036,""lon"":150.9535040505806}"
2026-08-31T06:37:18.558Z,"{""lat"":-33.958084557267036,""lon"":150.9535040505806}"
2026-08-31T06:37:19.558Z,"{""lat"":-33.958084557267036,""lon"":150.9535040505806}"
2026-08-31T06:37:20.558Z,"{""lat"":-33.958084557267036,""lon"":150.9535040505806}"
2026-08-31T06:37:21.558Z,"{""lat"":-33.958084557267036,""lon"":150.9535040505806}"
2026-08-31T06:37:22.559Z,"{""lat"":-33.958084557267036,""lon"":150.9535040505806}"
2026-08-31T06:37:23.559Z,"{""lat"":-33.958084557267036,""lon"":150.9535040505806}"
2026-08-31T06:37:24.559Z,"{""lat"":-33.958084557267036,""lon"":150.9535040505806}"
2026-08-31T06:37:25.559Z,"{""lat"":-33.958084557267036,""lon"":150.9535040505806}"
2026-08-31T06:37:26.559Z,"{""lat"":-33.958084557267036,""lon"":150.9535040505806}"
2026-08-31T06:37:27.56Z,"{""lat"":-33.958084557267036,""lon"":150.9535040505806}"
2026-08-31T06:37:28.56Z,"{""lat"":-33.958084557267036,""lon"":150.9535040505806}"
2026-08-31T06:37:29.56Z,"{""lat"":-33.958084557267036,""lon"":150.9535040505806}"
2026-08-31T06:37:30.56Z,"{""lat"":-33.958084557267036,""lon"":150.9535040505806}"
2026-08-31T06:37:31.561Z,"{""lat"":-33.958084557267036,""lon"":150.9535040505806}"
2026-08-31T06:37:32.561Z,"{""lat"":-33.958084557267036,""lon"":150.9535040505806}"
2026-08-31T06:37:33.561Z,"{""lat"":-33.958084557267036,""lon"":150.9535040505806}"
2026-08-31T06:37:34.561Z,"{""lat"":-33.958084557267036,""lon"":150.9535040505806}"
2026-08-31T06:37:35.562Z,"{""lat"":-33.958084557267036,""lon"":150.9535040505806}"
2026-08-31T06:37:36.562Z,"{""lat"":-33.958084557267036,""lon"":150.9535040505806}"
2026-08-31T06:37:37.562Z,"{""lat"":-33.958084557267036,""lon"":150.9535040505806}"
2026-08-31T06:37:38.562Z,"{""lat"":-33.958084557267036,""lon"":150.9535040505806}"
2026-08-31T06:37:39.562Z,"{""lat"":-33.958084557267036,""lon"":150.9535040505806}"
2026-08-31T06:37:40.563Z,"{""lat"":-33.958084557267036,""lon"":150.9535040505806}"
2026-08-31T06:37:41.563Z,"{""lat"":-33.958084557267036,""lon"":150.9535040505806}"
2026-08-31T06:37:42.563Z,"{""lat"":-33.958084557267036,""lon"":150.9535040505806}"
2026-08-31T06:37:43.563Z,"{""lat"":-33.958084557267036,""lon"":150.9535040505806}"
2026-08-31T06:37:44.564Z,"{""lat"":-33.958084557267036,""lon"":150.9535040505806}"
2026-08-31T06:37:45.564Z,"{""lat"":-33.958084557267036,""lon"":150.9535040505806}"
2026-08-31T06:37:46.564Z,"{""lat"":-33.958084557267036,""lon"":150.9535040505806}"
2026-08-31T06:37:47.564Z,"{""lat"":-33.958084557267036,""lon"":150.9535040505806}"
2026-08-31T06:37:48.565Z,"{""lat"":-33.958084557267036,""lon"":150.9535040505806}"
2026-08-31T06:37:49.565Z,"{""lat"":-33.958084557267036,""lon"":150.9535040505806}"
2026-08-31T06:37:50.565Z,"{""lat"":-33.958084557267036,""lon"":150.9535040505806}"
2026-08-31T06:37:51.565Z,"{""lat"":-33.958084557267036,""lon"":150.9535040505806}"
2026-08-31T06:37:52.565Z,"{""lat"":-33.958084557267036,""lon"":150.9535040505806}"
2026-08-31T06:37:53.566Z,"{""lat"":-33.958084557267036,""lon"":150.9535040505806}"
2026-08-31T06:37:54.566Z,"{""lat"":-33.958084557267036,""lon"":150.9535040505806}"
2026-08-31T06:37:55.566Z,"{""lat"":-33.958084557267036,""lon"":150.9535040505806}"
2026-08-31T06:37:56.566Z,"{""lat"":-33.958084557267036,""lon"":150.9535040505806}"
2026-08-31T06:37:57.567Z,"{""lat"":-33.958084557267036,""lon"":150.9535040505806}"
2026-08-31T06:37:58.567Z,"{""lat"":-33.958084557267036,""lon"":150.9535040505806}"
2026-08-31T06:37:59.567Z,"{""lat"":-33.958084557267036,""lon"":150.9535040505806}"
2026-08-31T06:38:00.567Z,"{""lat"":-33.958084557267036,""lon"":150.9535040505806}"
