DateTime,Humidity,Temperature,PIR,Light,SessionID,State,Ventilation,BaselineHumidityLogged,ElapsedSeconds,HumidityDelta,HumidityRatePerMin,RecentPIR,LightChange
2026-09-26 14:07:50,62.9,24.9,1,109,S01,vacant,off,62.9,0.0,0.0,0.0,1.0,0.0
2026-09-26 14:07:55,63.0,24.9,1,51,S01,vacant,off,62.9,5.0,0.10000000000000142,1.200000000000017,1.0,-58.0
2026-09-26 14:08:00,63.2,24.9,0,91,S01,vacant,off,62.9,10.0,0.30000000000000426,1.8000000000000256,1.0,40.0
2026-09-26 14:08:05,63.3,24.9,0,77,S01,vacant,off,62.9,15.0,0.3999999999999986,1.5999999999999943,1.0,-14.0
2026-09-26 14:08:10,63.3,24.9,0,75,S01,vacant,off,62.9,20.0,0.3999999999999986,1.1999999999999957,1.0,-2.0
2026-09-26 14:08:15,63.4,24.9,0,94,S01,vacant,off,62.9,25.0,0.5,1.2,1.0,19.0
2026-09-26 14:08:20,63.4,24.9,0,95,S01,vacant,off,62.9,30.0,0.5,1.0,1.0,1.0
2026-09-26 14:08:25,63.4,24.9,0,100,S01,vacant,off,62.9,35.0,0.5,0.8571428571428571,0.0,5.0
2026-09-26 14:08:30,63.4,24.8,0,103,S01,vacant,off,62.9,40.0,0.5,0.75,0.0,3.0
2026-09-26 14:08:35,63.5,24.8,0,101,S01,vacant,off,62.9,45.0,0.6000000000000014,0.8000000000000019,0.0,-2.0
2026-09-26 14:08:40,63.5,24.8,0,100,S01,vacant,off,62.9,50.0,0.6000000000000014,0.7200000000000016,0.0,-1.0
2026-09-26 14:08:45,63.6,24.8,0,106,S01,vacant,off,62.9,55.0,0.7000000000000028,0.7636363636363668,0.0,6.0
2026-09-26 14:08:50,63.6,24.8,0,101,S01,vacant,off,62.9,60.0,0.7000000000000028,0.7000000000000028,0.0,-5.0
2026-09-26 14:08:55,63.6,24.8,0,99,S01,vacant,off,62.9,65.0,0.7000000000000028,0.6461538461538489,0.0,-2.0
2026-09-26 14:09:00,63.7,24.8,0,102,S01,vacant,off,62.9,70.0,0.8000000000000043,0.6857142857142893,0.0,3.0
2026-09-26 14:09:05,63.7,24.7,0,99,S01,vacant,off,62.9,75.0,0.8000000000000043,0.6400000000000035,0.0,-3.0
2026-09-26 14:09:10,63.8,24.8,0,100,S01,vacant,off,62.9,80.0,0.8999999999999986,0.6749999999999989,0.0,1.0
2026-09-26 14:09:15,63.8,24.7,0,135,S01,vacant,off,62.9,85.0,0.8999999999999986,0.6352941176470578,0.0,35.0
2026-09-26 14:09:20,63.8,24.7,0,107,S01,vacant,off,62.9,90.0,0.8999999999999986,0.5999999999999991,0.0,-28.0
2026-09-26 14:09:25,63.9,24.7,0,98,S01,vacant,off,62.9,95.0,1.0,0.6315789473684211,0.0,-9.0
2026-09-26 14:09:30,63.9,24.7,0,86,S01,vacant,off,62.9,100.0,1.0,0.6,0.0,-12.0
2026-09-26 14:09:35,63.9,24.7,0,103,S01,vacant,off,62.9,105.0,1.0,0.5714285714285714,0.0,17.0
2026-09-26 14:09:40,63.9,24.7,0,97,S01,vacant,off,62.9,110.0,1.0,0.5454545454545455,0.0,-6.0
2026-09-26 14:09:45,64.0,24.7,0,116,S01,vacant,off,62.9,115.0,1.1000000000000014,0.5739130434782616,0.0,19.0
2026-09-26 14:09:50,64.0,24.7,0,99,S01,vacant,off,62.9,120.0,1.1000000000000014,0.5500000000000007,0.0,-17.0
2026-09-26 14:09:55,64.1,24.7,0,99,S01,vacant,off,62.9,125.0,1.1999999999999957,0.575999999999998,0.0,0.0
2026-09-26 14:10:00,64.1,24.7,0,101,S01,vacant,off,62.9,130.0,1.1999999999999957,0.5538461538461519,0.0,2.0
2026-09-26 14:10:05,64.1,24.7,0,103,S01,vacant,off,62.9,135.0,1.1999999999999957,0.5333333333333314,0.0,2.0
2026-09-26 14:10:10,64.1,24.7,0,97,S01,vacant,off,62.9,140.0,1.1999999999999957,0.5142857142857125,0.0,-6.0
2026-09-26 14:10:15,64.2,24.6,0,109,S01,vacant,off,62.9,145.0,1.3000000000000043,0.5379310344827605,0.0,12.0
2026-09-26 14:10:20,64.2,24.6,0,99,S01,vacant,off,62.9,150.0,1.3000000000000043,0.5200000000000017,0.0,-10.0
2026-09-26 14:10:25,64.2,24.7,0,99,S01,vacant,off,62.9,155.0,1.3000000000000043,0.5032258064516145,0.0,0.0
2026-09-26 14:10:30,64.2,24.6,0,99,S01,vacant,off,62.9,160.0,1.3000000000000043,0.4875000000000016,0.0,0.0
2026-09-26 14:10:35,64.3,24.6,0,97,S01,vacant,off,62.9,165.0,1.3999999999999986,0.5090909090909086,0.0,-2.0
2026-09-26 14:10:40,64.3,24.7,0,97,S01,vacant,off,62.9,170.0,1.3999999999999986,0.494117647058823,0.0,0.0
2026-09-26 14:10:45,64.3,24.7,0,93,S01,vacant,off,62.9,175.0,1.3999999999999986,0.47999999999999954,0.0,-4.0
2026-09-26 14:10:50,64.4,24.6,0,111,S01,vacant,off,62.9,180.0,1.500000000000007,0.5000000000000023,0.0,18.0
2026-09-26 14:10:55,64.4,24.6,0,108,S01,vacant,off,62.9,185.0,1.500000000000007,0.4864864864864888,0.0,-3.0
2026-09-26 14:11:00,64.4,24.6,0,101,S01,vacant,off,62.9,190.0,1.500000000000007,0.47368421052631804,0.0,-7.0
2026-09-26 14:11:05,64.4,24.6,0,105,S01,vacant,off,62.9,195.0,1.500000000000007,0.46153846153846373,0.0,4.0
2026-09-26 14:11:10,64.5,24.6,0,100,S01,vacant,off,62.9,200.0,1.6000000000000014,0.4800000000000004,0.0,-5.0
2026-09-26 14:11:15,64.5,24.6,0,101,S01,vacant,off,62.9,205.0,1.6000000000000014,0.4682926829268297,0.0,1.0
2026-09-26 14:11:20,64.5,24.6,0,110,S01,vacant,off,62.9,210.0,1.6000000000000014,0.4571428571428576,0.0,9.0
2026-09-26 14:11:25,64.5,24.6,0,96,S01,vacant,off,62.9,215.0,1.6000000000000014,0.4465116279069771,0.0,-14.0
2026-09-26 14:11:30,64.5,24.6,0,103,S01,vacant,off,62.9,220.0,1.6000000000000014,0.4363636363636368,0.0,7.0
2026-09-26 14:11:35,64.5,24.6,0,99,S01,vacant,off,62.9,225.0,1.6000000000000014,0.426666666666667,0.0,-4.0
2026-09-26 14:11:40,64.6,24.6,0,69,S01,vacant,off,62.9,230.0,1.6999999999999957,0.4434782608695641,0.0,-30.0
2026-09-26 14:11:45,64.6,24.6,0,64,S01,vacant,off,62.9,235.0,1.6999999999999957,0.43404255319148827,0.0,-5.0
2026-09-26 14:11:50,64.6,24.6,0,67,S01,vacant,off,62.9,240.0,1.6999999999999957,0.42499999999999893,0.0,3.0
2026-09-26 14:11:55,64.6,24.6,0,67,S01,vacant,off,62.9,245.0,1.6999999999999957,0.4163265306122439,0.0,0.0
2026-09-26 14:12:00,64.6,24.6,0,68,S01,vacant,off,62.9,250.0,1.6999999999999957,0.407999999999999,0.0,1.0
2026-09-26 14:12:05,64.7,24.6,0,67,S01,vacant,off,62.9,255.0,1.8000000000000043,0.4235294117647069,0.0,-1.0
2026-09-26 14:12:10,64.7,24.6,0,63,S01,vacant,off,62.9,260.0,1.8000000000000043,0.4153846153846164,0.0,-4.0
2026-09-26 14:12:15,64.7,24.6,0,63,S01,vacant,off,62.9,265.0,1.8000000000000043,0.4075471698113217,0.0,0.0
2026-09-26 14:12:20,64.7,24.6,0,69,S01,vacant,off,62.9,270.0,1.8000000000000043,0.40000000000000097,0.0,6.0
2026-09-26 14:12:25,64.7,24.6,0,71,S01,vacant,off,62.9,275.0,1.8000000000000043,0.3927272727272737,0.0,2.0
2026-09-26 14:12:30,64.7,24.6,0,82,S01,vacant,off,62.9,280.0,1.8000000000000043,0.3857142857142866,0.0,11.0
2026-09-26 14:12:35,64.7,24.6,0,67,S01,vacant,off,62.9,285.0,1.8000000000000043,0.37894736842105353,0.0,-15.0
2026-09-26 14:12:40,64.7,24.6,0,69,S01,vacant,off,62.9,290.0,1.8000000000000043,0.3724137931034492,0.0,2.0
2026-09-26 14:12:45,64.8,24.6,0,67,S01,vacant,off,62.9,295.0,1.8999999999999986,0.3864406779661014,0.0,-2.0
2026-09-26 14:12:50,64.8,24.6,0,68,S02,occupied,off,64.8,300.0,0.0,0.0,0.0,0.0
2026-09-26 14:12:55,64.7,24.6,0,65,S02,occupied,off,64.8,305.0,-0.09999999999999432,-1.1999999999999318,0.0,-3.0
2026-09-26 14:13:00,64.8,24.6,1,68,S02,occupied,off,64.8,310.0,0.0,0.0,1.0,3.0
2026-09-26 14:13:05,64.8,24.6,1,802,S02,occupied,off,64.8,315.0,0.0,0.0,1.0,734.0
2026-09-26 14:13:10,64.8,24.6,1,697,S02,occupied,off,64.8,320.0,0.0,0.0,1.0,-105.0
2026-09-26 14:13:15,64.8,24.6,1,704,S02,occupied,off,64.8,325.0,0.0,0.0,1.0,7.0
2026-09-26 14:13:20,64.8,24.6,1,884,S02,occupied,off,64.8,330.0,0.0,0.0,1.0,180.0
2026-09-26 14:13:25,65.0,24.6,1,869,S02,occupied,off,64.8,335.0,0.20000000000000284,0.3428571428571477,1.0,-15.0
2026-09-26 14:13:30,65.1,24.6,0,846,S02,occupied,off,64.8,340.0,0.29999999999999716,0.44999999999999574,1.0,-23.0
2026-09-26 14:13:35,65.2,24.6,1,677,S02,occupied,off,64.8,345.0,0.4000000000000057,0.5333333333333409,1.0,-169.0
2026-09-26 14:13:40,65.2,24.6,1,842,S02,occupied,off,64.8,350.0,0.4000000000000057,0.4800000000000068,1.0,165.0
2026-09-26 14:13:45,65.2,24.6,1,883,S02,occupied,off,64.8,355.0,0.4000000000000057,0.43636363636364256,1.0,41.0
2026-09-26 14:13:50,65.2,24.6,1,886,S02,occupied,off,64.8,360.0,0.4000000000000057,0.4000000000000057,1.0,3.0
2026-09-26 14:13:55,65.2,24.6,1,906,S02,occupied,off,64.8,365.0,0.4000000000000057,0.3692307692307745,1.0,20.0
2026-09-26 14:14:00,65.3,24.6,1,909,S02,occupied,off,64.8,370.0,0.5,0.42857142857142855,1.0,3.0
2026-09-26 14:14:05,65.3,24.6,1,872,S02,occupied,off,64.8,375.0,0.5,0.4,1.0,-37.0
2026-09-26 14:14:10,65.3,24.6,1,842,S02,occupied,off,64.8,380.0,0.5,0.375,1.0,-30.0
2026-09-26 14:14:15,65.3,24.6,1,839,S02,occupied,off,64.8,385.0,0.5,0.3529411764705882,1.0,-3.0
2026-09-26 14:14:20,65.2,24.6,0,865,S02,occupied,off,64.8,390.0,0.4000000000000057,0.26666666666667044,1.0,26.0
2026-09-26 14:14:25,65.2,24.6,1,884,S02,occupied,off,64.8,395.0,0.4000000000000057,0.25263157894737204,1.0,19.0
2026-09-26 14:14:30,65.2,24.6,1,886,S02,occupied,off,64.8,400.0,0.4000000000000057,0.2400000000000034,1.0,2.0
2026-09-26 14:14:35,65.2,24.6,0,890,S02,occupied,off,64.8,405.0,0.4000000000000057,0.2285714285714318,1.0,4.0
2026-09-26 14:14:40,65.2,24.6,0,884,S02,occupied,off,64.8,410.0,0.4000000000000057,0.21818181818182128,1.0,-6.0
2026-09-26 14:14:45,65.3,24.6,1,878,S02,occupied,off,64.8,415.0,0.5,0.2608695652173913,1.0,-6.0
2026-09-26 14:14:50,65.3,24.6,1,859,S02,occupied,off,64.8,420.0,0.5,0.25,1.0,-19.0
2026-09-26 14:14:55,65.4,24.6,1,829,S02,occupied,off,64.8,425.0,0.6000000000000085,0.2880000000000041,1.0,-30.0
2026-09-26 14:15:00,65.4,24.7,1,825,S02,occupied,off,64.8,430.0,0.6000000000000085,0.2769230769230809,1.0,-4.0
2026-09-26 14:15:05,65.5,24.7,1,872,S02,occupied,off,64.8,435.0,0.7000000000000028,0.3111111111111124,1.0,47.0
2026-09-26 14:15:10,65.6,24.7,1,719,S02,occupied,off,64.8,440.0,0.7999999999999972,0.34285714285714164,1.0,-153.0
2026-09-26 14:15:15,65.5,24.7,1,872,S02,occupied,off,64.8,445.0,0.7000000000000028,0.2896551724137943,1.0,153.0
2026-09-26 14:15:20,65.5,24.7,1,873,S02,occupied,off,64.8,450.0,0.7000000000000028,0.28000000000000114,1.0,1.0
2026-09-26 14:15:25,65.4,24.7,1,837,S02,occupied,off,64.8,455.0,0.6000000000000085,0.23225806451613232,1.0,-36.0
2026-09-26 14:15:30,65.5,24.7,1,836,S02,occupied,off,64.8,460.0,0.7000000000000028,0.26250000000000107,1.0,-1.0
2026-09-26 14:15:35,65.6,24.7,1,863,S02,occupied,off,64.8,465.0,0.7999999999999972,0.2909090909090899,1.0,27.0
2026-09-26 14:15:40,65.8,24.7,0,869,S02,occupied,off,64.8,470.0,1.0,0.3529411764705882,1.0,6.0
2026-09-26 14:15:45,65.9,24.7,0,878,S02,occupied,off,64.8,475.0,1.1000000000000085,0.3771428571428601,1.0,9.0
2026-09-26 14:15:50,66.0,24.7,0,884,S02,occupied,off,64.8,480.0,1.2000000000000028,0.40000000000000097,1.0,6.0
2026-09-26 14:15:55,66.0,24.7,0,891,S02,occupied,off,64.8,485.0,1.2000000000000028,0.3891891891891901,1.0,7.0
2026-09-26 14:16:00,66.0,24.7,1,893,S02,occupied,off,64.8,490.0,1.2000000000000028,0.37894736842105353,1.0,2.0
2026-09-26 14:16:05,65.9,24.7,0,895,S02,occupied,off,64.8,495.0,1.1000000000000085,0.3384615384615411,1.0,2.0
2026-09-26 14:16:10,65.9,24.7,1,894,S02,occupied,off,64.8,500.0,1.1000000000000085,0.33000000000000257,1.0,-1.0
2026-09-26 14:16:15,65.8,24.7,0,882,S02,occupied,off,64.8,505.0,1.0,0.29268292682926833,1.0,-12.0
2026-09-26 14:16:20,65.7,24.7,1,838,S02,occupied,off,64.8,510.0,0.9000000000000057,0.2571428571428588,1.0,-44.0
2026-09-26 14:16:25,65.6,24.7,1,889,S02,occupied,off,64.8,515.0,0.7999999999999972,0.22325581395348756,1.0,51.0
2026-09-26 14:16:30,65.5,24.7,1,857,S02,occupied,off,64.8,520.0,0.7000000000000028,0.1909090909090917,1.0,-32.0
2026-09-26 14:16:35,65.4,24.7,0,855,S02,occupied,off,64.8,525.0,0.6000000000000085,0.16000000000000228,1.0,-2.0
2026-09-26 14:16:40,65.3,24.7,0,892,S02,occupied,off,64.8,530.0,0.5,0.13043478260869565,1.0,37.0
2026-09-26 14:16:45,65.3,24.7,1,836,S02,occupied,off,64.8,535.0,0.5,0.12765957446808512,1.0,-56.0
2026-09-26 14:16:50,65.1,24.7,1,892,S02,occupied,off,64.8,540.0,0.29999999999999716,0.07499999999999929,1.0,56.0
2026-09-26 14:16:55,65.0,24.7,1,877,S02,occupied,off,64.8,545.0,0.20000000000000284,0.04897959183673539,1.0,-15.0
2026-09-26 14:17:00,64.9,24.7,1,880,S02,occupied,off,64.8,550.0,0.10000000000000853,0.024000000000002044,1.0,3.0
2026-09-26 14:17:05,64.9,24.7,1,893,S02,occupied,off,64.8,555.0,0.10000000000000853,0.023529411764707887,1.0,13.0
2026-09-26 14:17:10,65.0,24.7,0,842,S02,occupied,off,64.8,560.0,0.20000000000000284,0.046153846153846816,1.0,-51.0
2026-09-26 14:17:15,65.1,24.7,0,901,S02,occupied,off,64.8,565.0,0.29999999999999716,0.06792452830188614,1.0,59.0
2026-09-26 14:17:20,65.2,24.7,0,846,S02,occupied,off,64.8,570.0,0.4000000000000057,0.08888888888889016,1.0,-55.0
2026-09-26 14:17:25,65.2,24.7,0,902,S02,occupied,off,64.8,575.0,0.4000000000000057,0.08727272727272851,1.0,56.0
2026-09-26 14:17:30,65.0,24.7,1,856,S02,occupied,off,64.8,580.0,0.20000000000000284,0.04285714285714346,1.0,-46.0
2026-09-26 14:17:35,64.8,24.7,1,888,S02,occupied,off,64.8,585.0,0.0,0.0,1.0,32.0
2026-09-26 14:17:40,64.6,24.7,1,870,S02,occupied,off,64.8,590.0,-0.20000000000000284,-0.041379310344828175,1.0,-18.0
2026-09-26 14:17:45,64.5,24.7,1,861,S02,occupied,off,64.8,595.0,-0.29999999999999716,-0.06101694915254179,1.0,-9.0
2026-09-26 14:17:50,64.6,24.7,1,889,S03,shower,on,64.6,600.0,0.0,0.0,1.0,0.0
2026-09-26 14:17:55,64.6,24.7,1,834,S03,shower,on,64.6,605.0,0.0,0.0,1.0,-55.0
2026-09-26 14:18:00,64.5,24.7,1,886,S03,shower,on,64.6,610.0,-0.09999999999999432,-0.5999999999999659,1.0,52.0
2026-09-26 14:18:05,64.6,24.7,1,829,S03,shower,on,64.6,615.0,0.0,0.0,1.0,-57.0
2026-09-26 14:18:10,64.9,24.7,1,886,S03,shower,on,64.6,620.0,0.30000000000001137,0.9000000000000341,1.0,57.0
2026-09-26 14:18:15,65.0,24.7,1,827,S03,shower,on,64.6,625.0,0.4000000000000057,0.9600000000000136,1.0,-59.0
2026-09-26 14:18:20,65.1,24.7,1,888,S03,shower,on,64.6,630.0,0.5,1.0,1.0,61.0
2026-09-26 14:18:25,65.4,24.7,1,840,S03,shower,on,64.6,635.0,0.8000000000000114,1.3714285714285908,1.0,-48.0
2026-09-26 14:18:30,65.6,24.7,1,865,S03,shower,on,64.6,640.0,1.0,1.5,1.0,25.0
2026-09-26 14:18:35,65.8,24.7,1,833,S03,shower,on,64.6,645.0,1.2000000000000028,1.6000000000000039,1.0,-32.0
2026-09-26 14:18:40,66.0,24.7,1,892,S03,shower,on,64.6,650.0,1.4000000000000057,1.6800000000000068,1.0,59.0
2026-09-26 14:18:45,66.1,24.7,1,862,S03,shower,on,64.6,655.0,1.5,1.6363636363636365,1.0,-30.0
2026-09-26 14:18:50,66.2,24.7,1,792,S03,shower,on,64.6,660.0,1.6000000000000085,1.6000000000000085,1.0,-70.0
2026-09-26 14:18:55,66.3,24.7,1,858,S03,shower,on,64.6,665.0,1.7000000000000028,1.5692307692307719,1.0,66.0
2026-09-26 14:19:00,66.3,24.7,1,829,S03,shower,on,64.6,670.0,1.7000000000000028,1.4571428571428595,1.0,-29.0
2026-09-26 14:19:05,66.3,24.7,0,819,S03,shower,on,64.6,675.0,1.7000000000000028,1.3600000000000023,1.0,-10.0
2026-09-26 14:19:10,66.2,24.7,0,697,S03,shower,on,64.6,680.0,1.6000000000000085,1.2000000000000064,1.0,-122.0
2026-09-26 14:19:15,66.0,24.7,0,736,S03,shower,on,64.6,685.0,1.4000000000000057,0.988235294117651,1.0,39.0
2026-09-26 14:19:20,65.9,24.7,0,704,S03,shower,on,64.6,690.0,1.3000000000000114,0.8666666666666742,1.0,-32.0
2026-09-26 14:19:25,65.8,24.7,0,813,S03,shower,on,64.6,695.0,1.2000000000000028,0.7578947368421071,1.0,109.0
2026-09-26 14:19:30,66.0,24.8,0,866,S03,shower,on,64.6,700.0,1.4000000000000057,0.8400000000000034,0.0,53.0
2026-09-26 14:19:35,66.3,24.7,1,851,S03,shower,on,64.6,705.0,1.7000000000000028,0.9714285714285731,1.0,-15.0
2026-09-26 14:19:40,66.4,24.7,0,887,S03,shower,on,64.6,710.0,1.8000000000000114,0.981818181818188,1.0,36.0
2026-09-26 14:19:45,66.6,24.7,1,859,S03,shower,on,64.6,715.0,2.0,1.0434782608695652,1.0,-28.0
2026-09-26 14:19:50,66.5,24.7,1,865,S03,shower,on,64.6,720.0,1.9000000000000057,0.9500000000000028,1.0,6.0
2026-09-26 14:19:55,66.4,24.7,0,880,S03,shower,on,64.6,725.0,1.8000000000000114,0.8640000000000054,1.0,15.0
2026-09-26 14:20:00,66.4,24.7,1,853,S03,shower,on,64.6,730.0,1.8000000000000114,0.830769230769236,1.0,-27.0
2026-09-26 14:20:05,66.3,24.8,1,888,S03,shower,on,64.6,735.0,1.7000000000000028,0.7555555555555569,1.0,35.0
2026-09-26 14:20:10,66.2,24.8,1,819,S03,shower,on,64.6,740.0,1.6000000000000085,0.6857142857142893,1.0,-69.0
2026-09-26 14:20:15,66.1,24.8,1,866,S03,shower,on,64.6,745.0,1.5,0.6206896551724138,1.0,47.0
2026-09-26 14:20:20,66.2,24.8,1,803,S03,shower,on,64.6,750.0,1.6000000000000085,0.6400000000000035,1.0,-63.0
2026-09-26 14:20:25,66.3,24.8,1,867,S03,shower,on,64.6,755.0,1.7000000000000028,0.6580645161290333,1.0,64.0
2026-09-26 14:20:30,66.2,24.8,1,818,S03,shower,on,64.6,760.0,1.6000000000000085,0.6000000000000032,1.0,-49.0
2026-09-26 14:20:35,66.2,24.8,1,763,S03,shower,on,64.6,765.0,1.6000000000000085,0.5818181818181849,1.0,-55.0
2026-09-26 14:20:40,66.2,24.8,1,645,S03,shower,on,64.6,770.0,1.6000000000000085,0.5647058823529442,1.0,-118.0
2026-09-26 14:20:45,66.1,24.8,1,681,S03,shower,on,64.6,775.0,1.5,0.5142857142857143,1.0,36.0
2026-09-26 14:20:50,66.1,24.8,1,700,S03,shower,on,64.6,780.0,1.5,0.5,1.0,19.0
2026-09-26 14:20:55,66.0,24.8,1,712,S03,shower,on,64.6,785.0,1.4000000000000057,0.45405405405405586,1.0,12.0
2026-09-26 14:21:00,66.0,24.8,1,695,S03,shower,on,64.6,790.0,1.4000000000000057,0.44210526315789656,1.0,-17.0
2026-09-26 14:21:05,66.1,24.8,1,862,S03,shower,on,64.6,795.0,1.5,0.46153846153846156,1.0,167.0
2026-09-26 14:21:10,66.1,24.8,1,801,S03,shower,on,64.6,800.0,1.5,0.44999999999999996,1.0,-61.0
2026-09-26 14:21:15,66.2,24.8,1,845,S03,shower,on,64.6,805.0,1.6000000000000085,0.4682926829268318,1.0,44.0
2026-09-26 14:21:20,66.1,24.8,1,843,S03,shower,on,64.6,810.0,1.5,0.42857142857142855,1.0,-2.0
2026-09-26 14:21:25,66.1,24.8,1,838,S03,shower,on,64.6,815.0,1.5,0.41860465116279066,1.0,-5.0
2026-09-26 14:21:30,66.0,24.8,0,860,S03,shower,on,64.6,820.0,1.4000000000000057,0.3818181818181834,1.0,22.0
2026-09-26 14:21:35,65.9,24.8,0,841,S03,shower,on,64.6,825.0,1.3000000000000114,0.3466666666666697,1.0,-19.0
2026-09-26 14:21:40,66.0,24.8,0,857,S03,shower,on,64.6,830.0,1.4000000000000057,0.36521739130434927,1.0,16.0
2026-09-26 14:21:45,66.0,24.8,0,856,S03,shower,on,64.6,835.0,1.4000000000000057,0.35744680851063976,1.0,-1.0
2026-09-26 14:21:50,66.1,24.8,0,847,S03,shower,on,64.6,840.0,1.5,0.375,1.0,-9.0
2026-09-26 14:21:55,66.1,24.8,0,847,S03,shower,on,64.6,845.0,1.5,0.3673469387755102,0.0,0.0
2026-09-26 14:22:00,66.1,24.8,0,858,S03,shower,on,64.6,850.0,1.5,0.36,0.0,11.0
2026-09-26 14:22:05,66.1,24.8,0,832,S03,shower,on,64.6,855.0,1.5,0.35294117647058826,0.0,-26.0
2026-09-26 14:22:10,66.2,24.8,1,862,S03,shower,on,64.6,860.0,1.6000000000000085,0.36923076923077125,1.0,30.0
2026-09-26 14:22:15,66.3,24.8,0,840,S03,shower,on,64.6,865.0,1.7000000000000028,0.3849056603773591,1.0,-22.0
2026-09-26 14:22:20,66.3,24.9,1,863,S03,shower,on,64.6,870.0,1.7000000000000028,0.37777777777777843,1.0,23.0
2026-09-26 14:22:25,66.3,24.9,1,834,S03,shower,on,64.6,875.0,1.7000000000000028,0.3709090909090916,1.0,-29.0
2026-09-26 14:22:30,66.2,24.9,1,843,S03,shower,on,64.6,880.0,1.6000000000000085,0.34285714285714464,1.0,9.0
2026-09-26 14:22:35,66.3,24.9,1,877,S03,shower,on,64.6,885.0,1.7000000000000028,0.3578947368421059,1.0,34.0
2026-09-26 14:22:40,66.4,24.9,1,776,S03,shower,on,64.6,890.0,1.8000000000000114,0.37241379310345063,1.0,-101.0
2026-09-26 14:22:45,66.5,24.9,1,848,S03,shower,on,64.6,895.0,1.9000000000000057,0.3864406779661028,1.0,72.0
2026-09-26 14:22:50,66.6,24.9,1,816,S04,vacant,off,66.6,900.0,0.0,0.0,1.0,0.0
2026-09-26 14:22:55,66.7,24.9,1,881,S04,vacant,off,66.6,905.0,0.10000000000000853,1.2000000000001023,1.0,65.0
2026-09-26 14:23:00,66.8,24.9,1,846,S04,vacant,off,66.6,910.0,0.20000000000000284,1.200000000000017,1.0,-35.0
2026-09-26 14:23:05,66.8,24.9,1,721,S04,vacant,off,66.6,915.0,0.20000000000000284,0.8000000000000114,1.0,-125.0
2026-09-26 14:23:10,66.9,24.9,1,62,S04,vacant,off,66.6,920.0,0.30000000000001137,0.9000000000000341,1.0,-659.0
2026-09-26 14:23:15,67.0,24.9,1,50,S04,vacant,off,66.6,925.0,0.4000000000000057,0.9600000000000136,1.0,-12.0
2026-09-26 14:23:20,67.3,24.9,0,65,S04,vacant,off,66.6,930.0,0.7000000000000028,1.4000000000000057,1.0,15.0
2026-09-26 14:23:25,67.5,25.0,0,96,S04,vacant,off,66.6,935.0,0.9000000000000057,1.5428571428571525,1.0,31.0
2026-09-26 14:23:30,67.7,25.0,0,84,S04,vacant,off,66.6,940.0,1.1000000000000085,1.6500000000000128,1.0,-12.0
2026-09-26 14:23:35,67.8,25.0,0,101,S04,vacant,off,66.6,945.0,1.2000000000000028,1.6000000000000039,1.0,17.0
2026-09-26 14:23:40,68.1,25.0,0,100,S04,vacant,off,66.6,950.0,1.5,1.7999999999999998,1.0,-1.0
2026-09-26 14:23:45,68.2,25.0,0,108,S04,vacant,off,66.6,955.0,1.6000000000000085,1.745454545454555,0.0,8.0
2026-09-26 14:23:50,68.3,25.0,0,101,S04,vacant,off,66.6,960.0,1.7000000000000028,1.7000000000000028,0.0,-7.0
2026-09-26 14:23:55,68.3,25.0,0,99,S04,vacant,off,66.6,965.0,1.7000000000000028,1.5692307692307719,0.0,-2.0
2026-09-26 14:24:00,68.3,25.0,0,100,S04,vacant,off,66.6,970.0,1.7000000000000028,1.4571428571428595,0.0,1.0
2026-09-26 14:24:05,68.3,25.0,0,97,S04,vacant,off,66.6,975.0,1.7000000000000028,1.3600000000000023,0.0,-3.0
2026-09-26 14:24:10,68.5,25.0,0,98,S04,vacant,off,66.6,980.0,1.9000000000000057,1.4250000000000043,0.0,1.0
2026-09-26 14:24:15,68.7,25.0,0,94,S04,vacant,off,66.6,985.0,2.1000000000000085,1.4823529411764764,0.0,-4.0
2026-09-26 14:24:20,68.8,25.0,0,96,S04,vacant,off,66.6,990.0,2.200000000000003,1.4666666666666686,0.0,2.0
2026-09-26 14:24:25,68.9,25.0,0,87,S04,vacant,off,66.6,995.0,2.3000000000000114,1.4526315789473756,0.0,-9.0
2026-09-26 14:24:30,69.0,25.0,0,87,S04,vacant,off,66.6,1000.0,2.4000000000000057,1.4400000000000033,0.0,0.0
2026-09-26 14:24:35,69.1,25.0,0,92,S04,vacant,off,66.6,1005.0,2.5,1.4285714285714286,0.0,5.0
2026-09-26 14:24:40,69.2,25.0,0,84,S04,vacant,off,66.6,1010.0,2.6000000000000085,1.4181818181818229,0.0,-8.0
2026-09-26 14:24:45,69.2,25.0,0,78,S04,vacant,off,66.6,1015.0,2.6000000000000085,1.3565217391304392,0.0,-6.0
2026-09-26 14:24:50,69.3,25.0,0,80,S04,vacant,off,66.6,1020.0,2.700000000000003,1.3500000000000014,0.0,2.0
2026-09-26 14:24:55,69.3,25.0,0,80,S04,vacant,off,66.6,1025.0,2.700000000000003,1.2960000000000014,0.0,0.0
2026-09-26 14:25:00,69.4,25.0,0,79,S04,vacant,off,66.6,1030.0,2.8000000000000114,1.2923076923076977,0.0,-1.0
2026-09-26 14:25:05,69.4,25.0,0,75,S04,vacant,off,66.6,1035.0,2.8000000000000114,1.2444444444444496,0.0,-4.0
2026-09-26 14:25:10,69.4,25.0,0,78,S04,vacant,off,66.6,1040.0,2.8000000000000114,1.2000000000000048,0.0,3.0
2026-09-26 14:25:15,69.5,25.0,0,77,S04,vacant,off,66.6,1045.0,2.9000000000000057,1.2000000000000024,0.0,-1.0
2026-09-26 14:25:20,69.4,25.0,0,80,S04,vacant,off,66.6,1050.0,2.8000000000000114,1.1200000000000045,0.0,3.0
2026-09-26 14:25:25,69.6,25.0,0,83,S04,vacant,off,66.6,1055.0,3.0,1.161290322580645,0.0,3.0
2026-09-26 14:25:30,69.6,25.0,0,91,S04,vacant,off,66.6,1060.0,3.0,1.125,0.0,8.0
2026-09-26 14:25:35,69.7,25.0,0,95,S04,vacant,off,66.6,1065.0,3.1000000000000085,1.1272727272727303,0.0,4.0
2026-09-26 14:25:40,69.7,25.0,0,105,S04,vacant,off,66.6,1070.0,3.1000000000000085,1.0941176470588265,0.0,10.0
2026-09-26 14:25:45,69.7,25.0,0,99,S04,vacant,off,66.6,1075.0,3.1000000000000085,1.0628571428571458,0.0,-6.0
2026-09-26 14:25:50,69.7,25.0,0,97,S04,vacant,off,66.6,1080.0,3.1000000000000085,1.033333333333336,0.0,-2.0
2026-09-26 14:25:55,69.7,25.0,0,100,S04,vacant,off,66.6,1085.0,3.1000000000000085,1.005405405405408,0.0,3.0
2026-09-26 14:26:00,69.7,25.0,0,97,S04,vacant,off,66.6,1090.0,3.1000000000000085,0.9789473684210553,0.0,-3.0
2026-09-26 14:26:05,69.8,25.0,0,79,S04,vacant,off,66.6,1095.0,3.200000000000003,0.9846153846153854,0.0,-18.0
2026-09-26 14:26:10,69.8,25.0,0,91,S04,vacant,off,66.6,1100.0,3.200000000000003,0.9600000000000009,0.0,12.0
2026-09-26 14:26:15,69.9,25.0,0,98,S04,vacant,off,66.6,1105.0,3.3000000000000114,0.9658536585365888,0.0,7.0
2026-09-26 14:26:20,69.9,25.0,0,95,S04,vacant,off,66.6,1110.0,3.3000000000000114,0.9428571428571461,0.0,-3.0
2026-09-26 14:26:25,70.1,25.0,0,92,S04,vacant,off,66.6,1115.0,3.5,0.9767441860465116,0.0,-3.0
2026-09-26 14:26:30,70.1,25.0,0,94,S04,vacant,off,66.6,1120.0,3.5,0.9545454545454546,0.0,2.0
2026-09-26 14:26:35,70.2,25.0,0,100,S04,vacant,off,66.6,1125.0,3.6000000000000085,0.9600000000000023,0.0,6.0
2026-09-26 14:26:40,70.2,25.0,0,96,S04,vacant,off,66.6,1130.0,3.6000000000000085,0.9391304347826109,0.0,-4.0
2026-09-26 14:26:45,70.2,25.0,0,89,S04,vacant,off,66.6,1135.0,3.6000000000000085,0.919148936170215,0.0,-7.0
2026-09-26 14:26:50,70.2,25.0,0,85,S04,vacant,off,66.6,1140.0,3.6000000000000085,0.9000000000000021,0.0,-4.0
2026-09-26 14:26:55,70.3,25.0,0,85,S04,vacant,off,66.6,1145.0,3.700000000000003,0.9061224489795926,0.0,0.0
2026-09-26 14:27:00,70.3,25.0,0,72,S04,vacant,off,66.6,1150.0,3.700000000000003,0.8880000000000006,0.0,-13.0
2026-09-26 14:27:05,70.2,25.0,0,85,S04,vacant,off,66.6,1155.0,3.6000000000000085,0.8470588235294138,0.0,13.0
2026-09-26 14:27:10,70.3,25.0,0,79,S04,vacant,off,66.6,1160.0,3.700000000000003,0.8538461538461546,0.0,-6.0
2026-09-26 14:27:15,70.3,25.0,0,81,S04,vacant,off,66.6,1165.0,3.700000000000003,0.8377358490566044,0.0,2.0
2026-09-26 14:27:20,70.3,25.0,0,81,S04,vacant,off,66.6,1170.0,3.700000000000003,0.8222222222222229,0.0,0.0
2026-09-26 14:27:25,70.3,25.0,0,85,S04,vacant,off,66.6,1175.0,3.700000000000003,0.8072727272727279,0.0,4.0
2026-09-26 14:27:30,70.4,25.0,0,84,S04,vacant,off,66.6,1180.0,3.8000000000000114,0.8142857142857167,0.0,-1.0
2026-09-26 14:27:35,70.4,25.0,0,85,S04,vacant,off,66.6,1185.0,3.8000000000000114,0.8000000000000024,0.0,1.0
2026-09-26 14:27:40,70.4,25.0,0,93,S04,vacant,off,66.6,1190.0,3.8000000000000114,0.7862068965517265,0.0,8.0
2026-09-26 14:27:45,70.4,25.0,0,70,S04,vacant,off,66.6,1195.0,3.8000000000000114,0.7728813559322056,0.0,-23.0
2026-09-26 14:27:50,70.5,25.0,1,55,S05,occupied,off,70.5,1200.0,0.0,0.0,1.0,0.0
2026-09-26 14:27:55,70.5,25.0,0,74,S05,occupied,off,70.5,1205.0,0.0,0.0,1.0,19.0
2026-09-26 14:28:00,70.6,25.0,0,68,S05,occupied,off,70.5,1210.0,0.09999999999999432,0.5999999999999659,1.0,-6.0
2026-09-26 14:28:05,70.6,25.0,0,64,S05,occupied,off,70.5,1215.0,0.09999999999999432,0.39999999999997726,1.0,-4.0
2026-09-26 14:28:10,70.8,25.0,1,65,S05,occupied,off,70.5,1220.0,0.29999999999999716,0.8999999999999915,1.0,1.0
2026-09-26 14:28:15,71.0,25.0,1,882,S05,occupied,off,70.5,1225.0,0.5,1.2,1.0,817.0
2026-09-26 14:28:20,71.0,25.0,1,890,S05,occupied,off,70.5,1230.0,0.5,1.0,1.0,8.0
2026-09-26 14:28:25,71.1,25.0,1,837,S05,occupied,off,70.5,1235.0,0.5999999999999943,1.0285714285714187,1.0,-53.0
2026-09-26 14:28:30,71.1,25.0,1,839,S05,occupied,off,70.5,1240.0,0.5999999999999943,0.8999999999999915,1.0,2.0
2026-09-26 14:28:35,71.1,25.0,0,784,S05,occupied,off,70.5,1245.0,0.5999999999999943,0.7999999999999924,1.0,-55.0
2026-09-26 14:28:40,71.1,25.0,1,726,S05,occupied,off,70.5,1250.0,0.5999999999999943,0.7199999999999932,1.0,-58.0
2026-09-26 14:28:45,71.1,25.0,1,828,S05,occupied,off,70.5,1255.0,0.5999999999999943,0.6545454545454483,1.0,102.0
2026-09-26 14:28:50,71.2,25.1,0,853,S05,occupied,off,70.5,1260.0,0.7000000000000028,0.7000000000000028,1.0,25.0
2026-09-26 14:28:55,71.2,25.1,0,849,S05,occupied,off,70.5,1265.0,0.7000000000000028,0.6461538461538489,1.0,-4.0
2026-09-26 14:29:00,71.3,25.1,1,848,S05,occupied,off,70.5,1270.0,0.7999999999999972,0.6857142857142833,1.0,-1.0
2026-09-26 14:29:05,71.3,25.1,0,849,S05,occupied,off,70.5,1275.0,0.7999999999999972,0.6399999999999977,1.0,1.0
2026-09-26 14:29:10,71.3,25.1,1,680,S05,occupied,off,70.5,1280.0,0.7999999999999972,0.5999999999999979,1.0,-169.0
2026-09-26 14:29:15,71.3,25.1,0,822,S05,occupied,off,70.5,1285.0,0.7999999999999972,0.5647058823529392,1.0,142.0
2026-09-26 14:29:20,71.2,25.1,1,661,S05,occupied,off,70.5,1290.0,0.7000000000000028,0.46666666666666856,1.0,-161.0
2026-09-26 14:29:25,71.2,25.1,0,686,S05,occupied,off,70.5,1295.0,0.7000000000000028,0.44210526315789656,1.0,25.0
2026-09-26 14:29:30,71.1,25.1,0,685,S05,occupied,off,70.5,1300.0,0.5999999999999943,0.3599999999999966,1.0,-1.0
2026-09-26 14:29:35,71.0,25.1,1,873,S05,occupied,off,70.5,1305.0,0.5,0.2857142857142857,1.0,188.0
2026-09-26 14:29:40,70.9,25.1,1,835,S05,occupied,off,70.5,1310.0,0.4000000000000057,0.21818181818182128,1.0,-38.0
2026-09-26 14:29:45,70.9,25.1,0,855,S05,occupied,off,70.5,1315.0,0.4000000000000057,0.208695652173916,1.0,20.0
2026-09-26 14:29:50,70.9,25.1,0,882,S05,occupied,off,70.5,1320.0,0.4000000000000057,0.20000000000000284,1.0,27.0
2026-09-26 14:29:55,70.9,25.1,0,876,S05,occupied,off,70.5,1325.0,0.4000000000000057,0.19200000000000272,1.0,-6.0
2026-09-26 14:30:00,70.9,25.1,0,881,S05,occupied,off,70.5,1330.0,0.4000000000000057,0.18461538461538726,1.0,5.0
2026-09-26 14:30:05,70.9,25.1,0,882,S05,occupied,off,70.5,1335.0,0.4000000000000057,0.1777777777777803,1.0,1.0
2026-09-26 14:30:10,70.9,25.1,0,880,S05,occupied,off,70.5,1340.0,0.4000000000000057,0.17142857142857384,0.0,-2.0
2026-09-26 14:30:15,70.9,25.1,0,879,S05,occupied,off,70.5,1345.0,0.4000000000000057,0.1655172413793127,0.0,-1.0
2026-09-26 14:30:20,70.9,25.1,0,702,S05,occupied,off,70.5,1350.0,0.4000000000000057,0.16000000000000228,0.0,-177.0
2026-09-26 14:30:25,70.9,25.1,0,858,S05,occupied,off,70.5,1355.0,0.4000000000000057,0.15483870967742155,0.0,156.0
2026-09-26 14:30:30,70.8,25.1,1,852,S05,occupied,off,70.5,1360.0,0.29999999999999716,0.11249999999999893,1.0,-6.0
2026-09-26 14:30:35,70.8,25.1,1,850,S05,occupied,off,70.5,1365.0,0.29999999999999716,0.10909090909090806,1.0,-2.0
2026-09-26 14:30:40,70.9,25.1,1,670,S05,occupied,off,70.5,1370.0,0.4000000000000057,0.1411764705882373,1.0,-180.0
2026-09-26 14:30:45,70.8,25.1,0,666,S05,occupied,off,70.5,1375.0,0.29999999999999716,0.10285714285714188,1.0,-4.0
2026-09-26 14:30:50,70.9,25.1,0,664,S05,occupied,off,70.5,1380.0,0.4000000000000057,0.13333333333333522,1.0,-2.0
2026-09-26 14:30:55,70.9,25.1,0,659,S05,occupied,off,70.5,1385.0,0.4000000000000057,0.12972972972973157,1.0,-5.0
2026-09-26 14:31:00,70.9,25.1,0,658,S05,occupied,off,70.5,1390.0,0.4000000000000057,0.12631578947368602,1.0,-1.0
2026-09-26 14:31:05,70.8,25.1,0,657,S05,occupied,off,70.5,1395.0,0.29999999999999716,0.09230769230769144,1.0,-1.0
2026-09-26 14:31:10,70.9,25.1,0,657,S05,occupied,off,70.5,1400.0,0.4000000000000057,0.1200000000000017,0.0,0.0
2026-09-26 14:31:15,70.9,25.1,0,797,S05,occupied,off,70.5,1405.0,0.4000000000000057,0.11707317073170899,0.0,140.0
2026-09-26 14:31:20,70.8,25.1,1,662,S05,occupied,off,70.5,1410.0,0.29999999999999716,0.0857142857142849,1.0,-135.0
2026-09-26 14:31:25,70.8,25.1,1,651,S05,occupied,off,70.5,1415.0,0.29999999999999716,0.08372093023255735,1.0,-11.0
2026-09-26 14:31:30,70.8,25.1,1,643,S05,occupied,off,70.5,1420.0,0.29999999999999716,0.08181818181818104,1.0,-8.0
2026-09-26 14:31:36,70.8,25.2,1,648,S05,occupied,off,70.5,1426.0,0.29999999999999716,0.0796460176991143,1.0,5.0
2026-09-26 14:31:41,70.7,25.1,0,673,S05,occupied,off,70.5,1431.0,0.20000000000000284,0.05194805194805269,1.0,25.0
2026-09-26 14:31:46,70.7,25.1,1,687,S05,occupied,off,70.5,1436.0,0.20000000000000284,0.05084745762711937,1.0,14.0
2026-09-26 14:31:51,70.7,25.1,1,732,S05,occupied,off,70.5,1441.0,0.20000000000000284,0.04979253112033266,1.0,45.0
2026-09-26 14:31:56,70.6,25.2,1,775,S05,occupied,off,70.5,1446.0,0.09999999999999432,0.02439024390243764,1.0,43.0
2026-09-26 14:32:01,70.6,25.1,1,640,S05,occupied,off,70.5,1451.0,0.09999999999999432,0.02390438247011816,1.0,-135.0
2026-09-26 14:32:06,70.7,25.1,0,637,S05,occupied,off,70.5,1456.0,0.20000000000000284,0.046875000000000666,1.0,-3.0
2026-09-26 14:32:11,70.6,25.2,1,641,S05,occupied,off,70.5,1461.0,0.09999999999999432,0.022988505747125132,1.0,4.0
2026-09-26 14:32:16,70.6,25.2,1,737,S05,occupied,off,70.5,1466.0,0.09999999999999432,0.022556390977442324,1.0,96.0
2026-09-26 14:32:21,70.7,25.1,0,654,S05,occupied,off,70.5,1471.0,0.20000000000000284,0.04428044280442867,1.0,-83.0
2026-09-26 14:32:26,70.6,25.2,1,653,S05,occupied,off,70.5,1476.0,0.09999999999999432,0.021739130434781373,1.0,-1.0
2026-09-26 14:32:31,70.6,25.2,1,810,S05,occupied,off,70.5,1481.0,0.09999999999999432,0.021352313167258573,1.0,157.0
2026-09-26 14:32:36,70.6,25.2,1,873,S05,occupied,off,70.5,1486.0,0.09999999999999432,0.020979020979019786,1.0,63.0
2026-09-26 14:32:41,70.7,25.2,0,870,S05,occupied,off,70.5,1491.0,0.20000000000000284,0.041237113402062445,1.0,-3.0
2026-09-26 14:32:46,70.7,25.2,0,872,S05,occupied,off,70.5,1496.0,0.20000000000000284,0.04054054054054111,1.0,2.0
2026-09-26 14:32:51,70.7,25.2,1,869,S06,shower,off,70.7,1501.0,0.0,0.0,1.0,0.0
2026-09-26 14:32:56,70.7,25.2,1,883,S06,shower,off,70.7,1506.0,0.0,0.0,1.0,14.0
2026-09-26 14:33:01,70.7,25.2,1,872,S06,shower,off,70.7,1511.0,0.0,0.0,1.0,-11.0
2026-09-26 14:33:06,70.7,25.2,1,872,S06,shower,off,70.7,1516.0,0.0,0.0,1.0,0.0
2026-09-26 14:33:11,70.8,25.2,0,862,S06,shower,off,70.7,1521.0,0.09999999999999432,0.29999999999998295,1.0,-10.0
2026-09-26 14:33:16,70.8,25.2,1,838,S06,shower,off,70.7,1526.0,0.09999999999999432,0.23999999999998634,1.0,-24.0
2026-09-26 14:33:21,70.9,25.2,1,836,S06,shower,off,70.7,1531.0,0.20000000000000284,0.4000000000000057,1.0,-2.0
2026-09-26 14:33:26,70.9,25.2,1,836,S06,shower,off,70.7,1536.0,0.20000000000000284,0.3428571428571477,1.0,0.0
2026-09-26 14:33:31,70.8,25.2,1,835,S06,shower,off,70.7,1541.0,0.09999999999999432,0.14999999999999147,1.0,-1.0
2026-09-26 14:33:36,71.0,25.2,0,839,S06,shower,off,70.7,1546.0,0.29999999999999716,0.3999999999999962,1.0,4.0
2026-09-26 14:33:41,71.3,25.2,0,845,S06,shower,off,70.7,1551.0,0.5999999999999943,0.7199999999999932,1.0,6.0
2026-09-26 14:33:46,71.6,25.2,0,879,S06,shower,off,70.7,1556.0,0.8999999999999915,0.9818181818181726,1.0,34.0
2026-09-26 14:33:51,71.8,25.2,0,887,S06,shower,off,70.7,1561.0,1.0999999999999943,1.0999999999999943,1.0,8.0
2026-09-26 14:33:56,72.2,25.2,0,868,S06,shower,off,70.7,1566.0,1.5,1.3846153846153848,1.0,-19.0
2026-09-26 14:34:01,72.4,25.2,0,857,S06,shower,off,70.7,1571.0,1.7000000000000028,1.4571428571428595,0.0,-11.0
2026-09-26 14:34:06,72.4,25.2,1,868,S06,shower,off,70.7,1576.0,1.7000000000000028,1.3600000000000023,1.0,11.0
2026-09-26 14:34:11,72.3,25.2,1,908,S06,shower,off,70.7,1581.0,1.5999999999999943,1.1999999999999957,1.0,40.0
2026-09-26 14:34:16,72.3,25.2,0,860,S06,shower,off,70.7,1586.0,1.5999999999999943,1.1294117647058783,1.0,-48.0
2026-09-26 14:34:21,72.2,25.2,0,841,S06,shower,off,70.7,1591.0,1.5,1.0,1.0,-19.0
2026-09-26 14:34:26,72.2,25.2,0,935,S06,shower,off,70.7,1596.0,1.5,0.9473684210526316,1.0,94.0
2026-09-26 14:34:31,72.2,25.2,0,879,S06,shower,off,70.7,1601.0,1.5,0.8999999999999999,1.0,-56.0
2026-09-26 14:34:36,72.1,25.2,0,845,S06,shower,off,70.7,1606.0,1.3999999999999915,0.7999999999999952,1.0,-34.0
2026-09-26 14:34:41,72.1,25.2,0,875,S06,shower,off,70.7,1611.0,1.3999999999999915,0.763636363636359,0.0,30.0
2026-09-26 14:34:46,72.2,25.3,0,882,S06,shower,off,70.7,1616.0,1.5,0.7826086956521738,0.0,7.0
2026-09-26 14:34:51,72.3,25.3,1,907,S06,shower,off,70.7,1621.0,1.5999999999999943,0.7999999999999972,1.0,25.0
2026-09-26 14:34:56,72.4,25.2,1,881,S06,shower,off,70.7,1626.0,1.7000000000000028,0.8160000000000013,1.0,-26.0
2026-09-26 14:35:01,72.4,25.3,0,882,S06,shower,off,70.7,1631.0,1.7000000000000028,0.7846153846153859,1.0,1.0
2026-09-26 14:35:06,72.3,25.3,0,868,S06,shower,off,70.7,1636.0,1.5999999999999943,0.7111111111111086,1.0,-14.0
2026-09-26 14:35:11,72.3,25.3,0,875,S06,shower,off,70.7,1641.0,1.5999999999999943,0.6857142857142833,1.0,7.0
2026-09-26 14:35:16,72.3,25.3,0,888,S06,shower,off,70.7,1646.0,1.5999999999999943,0.662068965517239,1.0,13.0
2026-09-26 14:35:21,72.3,25.3,1,891,S06,shower,off,70.7,1651.0,1.5999999999999943,0.6399999999999977,1.0,3.0
2026-09-26 14:35:26,72.6,25.3,1,894,S06,shower,off,70.7,1656.0,1.8999999999999915,0.7354838709677386,1.0,3.0
2026-09-26 14:35:31,72.7,25.3,0,890,S06,shower,off,70.7,1661.0,2.0,0.75,1.0,-4.0
2026-09-26 14:35:36,72.8,25.3,0,885,S06,shower,off,70.7,1666.0,2.0999999999999943,0.7636363636363616,1.0,-5.0
2026-09-26 14:35:41,73.0,25.3,1,842,S06,shower,off,70.7,1671.0,2.299999999999997,0.811764705882352,1.0,-43.0
2026-09-26 14:35:46,73.2,25.3,1,841,S06,shower,off,70.7,1676.0,2.5,0.8571428571428572,1.0,-1.0
2026-09-26 14:35:51,73.3,25.3,1,838,S06,shower,off,70.7,1681.0,2.5999999999999943,0.8666666666666648,1.0,-3.0
2026-09-26 14:35:56,73.5,25.4,1,824,S06,shower,off,70.7,1686.0,2.799999999999997,0.9081081081081072,1.0,-14.0
2026-09-26 14:36:01,73.6,25.4,1,829,S06,shower,off,70.7,1691.0,2.8999999999999915,0.9157894736842078,1.0,5.0
2026-09-26 14:36:06,73.6,25.4,1,843,S06,shower,off,70.7,1696.0,2.8999999999999915,0.8923076923076897,1.0,14.0
2026-09-26 14:36:11,73.7,25.4,0,835,S06,shower,off,70.7,1701.0,3.0,0.8999999999999999,1.0,-8.0
2026-09-26 14:36:16,73.8,25.4,1,827,S06,shower,off,70.7,1706.0,3.0999999999999943,0.9073170731707301,1.0,-8.0
2026-09-26 14:36:21,73.9,25.4,0,842,S06,shower,off,70.7,1711.0,3.200000000000003,0.9142857142857151,1.0,15.0
2026-09-26 14:36:26,73.9,25.4,0,843,S06,shower,off,70.7,1716.0,3.200000000000003,0.8930232558139543,1.0,1.0
2026-09-26 14:36:31,74.0,25.4,0,845,S06,shower,off,70.7,1721.0,3.299999999999997,0.8999999999999992,1.0,2.0
2026-09-26 14:36:36,74.1,25.4,0,863,S06,shower,off,70.7,1726.0,3.3999999999999915,0.9066666666666644,1.0,18.0
2026-09-26 14:36:41,74.2,25.4,0,880,S06,shower,off,70.7,1731.0,3.5,0.9130434782608695,1.0,17.0
2026-09-26 14:36:46,74.2,25.4,0,881,S06,shower,off,70.7,1736.0,3.5,0.8936170212765958,0.0,1.0
2026-09-26 14:36:51,74.3,25.4,0,895,S06,shower,off,70.7,1741.0,3.5999999999999943,0.8999999999999986,0.0,14.0
2026-09-26 14:36:56,74.6,25.4,0,884,S06,shower,off,70.7,1746.0,3.8999999999999915,0.9551020408163245,0.0,-11.0
2026-09-26 14:37:01,74.7,25.4,0,867,S06,shower,off,70.7,1751.0,4.0,0.96,0.0,-17.0
2026-09-26 14:37:06,74.6,25.4,0,856,S06,shower,off,70.7,1756.0,3.8999999999999915,0.9176470588235274,0.0,-11.0
2026-09-26 14:37:11,74.6,25.5,1,831,S06,shower,off,70.7,1761.0,3.8999999999999915,0.8999999999999981,1.0,-25.0
2026-09-26 14:37:17,74.7,25.5,1,827,S06,shower,off,70.7,1767.0,4.0,0.9022556390977443,1.0,-4.0
2026-09-26 14:37:22,75.0,25.5,1,831,S06,shower,off,70.7,1772.0,4.299999999999997,0.9520295202952024,1.0,4.0
2026-09-26 14:37:27,75.2,25.5,0,834,S06,shower,off,70.7,1777.0,4.5,0.9782608695652175,1.0,3.0
2026-09-26 14:37:32,75.5,25.5,0,835,S06,shower,off,70.7,1782.0,4.799999999999997,1.0249110320284691,1.0,1.0
2026-09-26 14:37:37,75.5,25.5,1,857,S06,shower,off,70.7,1787.0,4.799999999999997,1.0069930069930064,1.0,22.0
2026-09-26 14:37:42,75.7,25.5,0,864,S06,shower,off,70.7,1792.0,5.0,1.0309278350515465,1.0,7.0
2026-09-26 14:37:47,75.8,25.5,1,868,S06,shower,off,70.7,1797.0,5.099999999999994,1.0337837837837827,1.0,4.0
2026-09-26 14:37:52,75.9,25.5,1,888,S06,shower,off,70.7,1802.0,5.200000000000003,1.0365448504983394,1.0,20.0
