DateTime,Humidity,Temperature,PIR,Light
2026-09-26T14:07:50,62.9,24.9,1,109
2026-09-26T14:07:55,63.0,24.9,1,51
2026-09-26T14:08:00,63.2,24.9,0,91
2026-09-26T14:08:05,63.3,24.9,0,77
2026-09-26T14:08:10,63.3,24.9,0,75
2026-09-26T14:08:15,63.4,24.9,0,94
2026-09-26T14:08:20,63.4,24.9,0,95
2026-09-26T14:08:25,63.4,24.9,0,100
2026-09-26T14:08:30,63.4,24.8,0,103
2026-09-26T14:08:35,63.5,24.8,0,101
2026-09-26T14:08:40,63.5,24.8,0,100
2026-09-26T14:08:45,63.6,24.8,0,106
2026-09-26T14:08:50,63.6,24.8,0,101
2026-09-26T14:08:55,63.6,24.8,0,99
2026-09-26T14:09:00,63.7,24.8,0,102
2026-09-26T14:09:05,63.7,24.7,0,99
2026-09-26T14:09:10,63.8,24.8,0,100
2026-09-26T14:09:15,63.8,24.7,0,135
2026-09-26T14:09:20,63.8,24.7,0,107
2026-09-26T14:09:25,63.9,24.7,0,98
2026-09-26T14:09:30,63.9,24.7,0,86
2026-09-26T14:09:35,63.9,24.7,0,103
2026-09-26T14:09:40,63.9,24.7,0,97
2026-09-26T14:09:45,64.0,24.7,0,116
2026-09-26T14:09:50,64.0,24.7,0,99
2026-09-26T14:09:55,64.1,24.7,0,99
2026-09-26T14:10:00,64.1,24.7,0,101
2026-09-26T14:10:05,64.1,24.7,0,103
2026-09-26T14:10:10,64.1,24.7,0,97
2026-09-26T14:10:15,64.2,24.6,0,109
2026-09-26T14:10:20,64.2,24.6,0,99
2026-09-26T14:10:25,64.2,24.7,0,99
2026-09-26T14:10:30,64.2,24.6,0,99
2026-09-26T14:10:35,64.3,24.6,0,97
2026-09-26T14:10:40,64.3,24.7,0,97
2026-09-26T14:10:45,64.3,24.7,0,93
2026-09-26T14:10:50,64.4,24.6,0,111
2026-09-26T14:10:55,64.4,24.6,0,108
2026-09-26T14:11:00,64.4,24.6,0,101
2026-09-26T14:11:05,64.4,24.6,0,105
2026-09-26T14:11:10,64.5,24.6,0,100
2026-09-26T14:11:15,64.5,24.6,0,101
2026-09-26T14:11:20,64.5,24.6,0,110
2026-09-26T14:11:25,64.5,24.6,0,96
2026-09-26T14:11:30,64.5,24.6,0,103
2026-09-26T14:11:35,64.5,24.6,0,99
2026-09-26T14:11:40,64.6,24.6,0,69
2026-09-26T14:11:45,64.6,24.6,0,64
2026-09-26T14:11:50,64.6,24.6,0,67
2026-09-26T14:11:55,64.6,24.6,0,67
2026-09-26T14:12:00,64.6,24.6,0,68
2026-09-26T14:12:05,64.7,24.6,0,67
2026-09-26T14:12:10,64.7,24.6,0,63
2026-09-26T14:12:15,64.7,24.6,0,63
2026-09-26T14:12:20,64.7,24.6,0,69
2026-09-26T14:12:25,64.7,24.6,0,71
2026-09-26T14:12:30,64.7,24.6,0,82
2026-09-26T14:12:35,64.7,24.6,0,67
2026-09-26T14:12:40,64.7,24.6,0,69
2026-09-26T14:12:45,64.8,24.6,0,67
2026-09-26T14:12:50,64.8,24.6,0,68
2026-09-26T14:12:55,64.7,24.6,0,65
2026-09-26T14:13:00,64.8,24.6,1,68
2026-09-26T14:13:05,64.8,24.6,1,802
2026-09-26T14:13:10,64.8,24.6,1,697
2026-09-26T14:13:15,64.8,24.6,1,704
2026-09-26T14:13:20,64.8,24.6,1,884
2026-09-26T14:13:25,65.0,24.6,1,869
2026-09-26T14:13:30,65.1,24.6,0,846
2026-09-26T14:13:35,65.2,24.6,1,677
2026-09-26T14:13:40,65.2,24.6,1,842
2026-09-26T14:13:45,65.2,24.6,1,883
2026-09-26T14:13:50,65.2,24.6,1,886
2026-09-26T14:13:55,65.2,24.6,1,906
2026-09-26T14:14:00,65.3,24.6,1,909
2026-09-26T14:14:05,65.3,24.6,1,872
2026-09-26T14:14:10,65.3,24.6,1,842
2026-09-26T14:14:15,65.3,24.6,1,839
2026-09-26T14:14:20,65.2,24.6,0,865
2026-09-26T14:14:25,65.2,24.6,1,884
2026-09-26T14:14:30,65.2,24.6,1,886
2026-09-26T14:14:35,65.2,24.6,0,890
2026-09-26T14:14:40,65.2,24.6,0,884
2026-09-26T14:14:45,65.3,24.6,1,878
2026-09-26T14:14:50,65.3,24.6,1,859
2026-09-26T14:14:55,65.4,24.6,1,829
2026-09-26T14:15:00,65.4,24.7,1,825
2026-09-26T14:15:05,65.5,24.7,1,872
2026-09-26T14:15:10,65.6,24.7,1,719
2026-09-26T14:15:15,65.5,24.7,1,872
2026-09-26T14:15:20,65.5,24.7,1,873
2026-09-26T14:15:25,65.4,24.7,1,837
2026-09-26T14:15:30,65.5,24.7,1,836
2026-09-26T14:15:35,65.6,24.7,1,863
2026-09-26T14:15:40,65.8,24.7,0,869
2026-09-26T14:15:45,65.9,24.7,0,878
2026-09-26T14:15:50,66.0,24.7,0,884
2026-09-26T14:15:55,66.0,24.7,0,891
2026-09-26T14:16:00,66.0,24.7,1,893
2026-09-26T14:16:05,65.9,24.7,0,895
2026-09-26T14:16:10,65.9,24.7,1,894
2026-09-26T14:16:15,65.8,24.7,0,882
2026-09-26T14:16:20,65.7,24.7,1,838
2026-09-26T14:16:25,65.6,24.7,1,889
2026-09-26T14:16:30,65.5,24.7,1,857
2026-09-26T14:16:35,65.4,24.7,0,855
2026-09-26T14:16:40,65.3,24.7,0,892
2026-09-26T14:16:45,65.3,24.7,1,836
2026-09-26T14:16:50,65.1,24.7,1,892
2026-09-26T14:16:55,65.0,24.7,1,877
2026-09-26T14:17:00,64.9,24.7,1,880
2026-09-26T14:17:05,64.9,24.7,1,893
2026-09-26T14:17:10,65.0,24.7,0,842
2026-09-26T14:17:15,65.1,24.7,0,901
2026-09-26T14:17:20,65.2,24.7,0,846
2026-09-26T14:17:25,65.2,24.7,0,902
2026-09-26T14:17:30,65.0,24.7,1,856
2026-09-26T14:17:35,64.8,24.7,1,888
2026-09-26T14:17:40,64.6,24.7,1,870
2026-09-26T14:17:45,64.5,24.7,1,861
2026-09-26T14:17:50,64.6,24.7,1,889
2026-09-26T14:17:55,64.6,24.7,1,834
2026-09-26T14:18:00,64.5,24.7,1,886
2026-09-26T14:18:05,64.6,24.7,1,829
2026-09-26T14:18:10,64.9,24.7,1,886
2026-09-26T14:18:15,65.0,24.7,1,827
2026-09-26T14:18:20,65.1,24.7,1,888
2026-09-26T14:18:25,65.4,24.7,1,840
2026-09-26T14:18:30,65.6,24.7,1,865
2026-09-26T14:18:35,65.8,24.7,1,833
2026-09-26T14:18:40,66.0,24.7,1,892
2026-09-26T14:18:45,66.1,24.7,1,862
2026-09-26T14:18:50,66.2,24.7,1,792
2026-09-26T14:18:55,66.3,24.7,1,858
2026-09-26T14:19:00,66.3,24.7,1,829
2026-09-26T14:19:05,66.3,24.7,0,819
2026-09-26T14:19:10,66.2,24.7,0,697
2026-09-26T14:19:15,66.0,24.7,0,736
2026-09-26T14:19:20,65.9,24.7,0,704
2026-09-26T14:19:25,65.8,24.7,0,813
2026-09-26T14:19:30,66.0,24.8,0,866
2026-09-26T14:19:35,66.3,24.7,1,851
2026-09-26T14:19:40,66.4,24.7,0,887
2026-09-26T14:19:45,66.6,24.7,1,859
2026-09-26T14:19:50,66.5,24.7,1,865
2026-09-26T14:19:55,66.4,24.7,0,880
2026-09-26T14:20:00,66.4,24.7,1,853
2026-09-26T14:20:05,66.3,24.8,1,888
2026-09-26T14:20:10,66.2,24.8,1,819
2026-09-26T14:20:15,66.1,24.8,1,866
2026-09-26T14:20:20,66.2,24.8,1,803
2026-09-26T14:20:25,66.3,24.8,1,867
2026-09-26T14:20:30,66.2,24.8,1,818
2026-09-26T14:20:35,66.2,24.8,1,763
2026-09-26T14:20:40,66.2,24.8,1,645
2026-09-26T14:20:45,66.1,24.8,1,681
2026-09-26T14:20:50,66.1,24.8,1,700
2026-09-26T14:20:55,66.0,24.8,1,712
2026-09-26T14:21:00,66.0,24.8,1,695
2026-09-26T14:21:05,66.1,24.8,1,862
2026-09-26T14:21:10,66.1,24.8,1,801
2026-09-26T14:21:15,66.2,24.8,1,845
2026-09-26T14:21:20,66.1,24.8,1,843
2026-09-26T14:21:25,66.1,24.8,1,838
2026-09-26T14:21:30,66.0,24.8,0,860
2026-09-26T14:21:35,65.9,24.8,0,841
2026-09-26T14:21:40,66.0,24.8,0,857
2026-09-26T14:21:45,66.0,24.8,0,856
2026-09-26T14:21:50,66.1,24.8,0,847
2026-09-26T14:21:55,66.1,24.8,0,847
2026-09-26T14:22:00,66.1,24.8,0,858
2026-09-26T14:22:05,66.1,24.8,0,832
2026-09-26T14:22:10,66.2,24.8,1,862
2026-09-26T14:22:15,66.3,24.8,0,840
2026-09-26T14:22:20,66.3,24.9,1,863
2026-09-26T14:22:25,66.3,24.9,1,834
2026-09-26T14:22:30,66.2,24.9,1,843
2026-09-26T14:22:35,66.3,24.9,1,877
2026-09-26T14:22:40,66.4,24.9,1,776
2026-09-26T14:22:45,66.5,24.9,1,848
2026-09-26T14:22:50,66.6,24.9,1,816
2026-09-26T14:22:55,66.7,24.9,1,881
2026-09-26T14:23:00,66.8,24.9,1,846
2026-09-26T14:23:05,66.8,24.9,1,721
2026-09-26T14:23:10,66.9,24.9,1,62
2026-09-26T14:23:15,67.0,24.9,1,50
2026-09-26T14:23:20,67.3,24.9,0,65
2026-09-26T14:23:25,67.5,25.0,0,96
2026-09-26T14:23:30,67.7,25.0,0,84
2026-09-26T14:23:35,67.8,25.0,0,101
2026-09-26T14:23:40,68.1,25.0,0,100
2026-09-26T14:23:45,68.2,25.0,0,108
2026-09-26T14:23:50,68.3,25.0,0,101
2026-09-26T14:23:55,68.3,25.0,0,99
2026-09-26T14:24:00,68.3,25.0,0,100
2026-09-26T14:24:05,68.3,25.0,0,97
2026-09-26T14:24:10,68.5,25.0,0,98
2026-09-26T14:24:15,68.7,25.0,0,94
2026-09-26T14:24:20,68.8,25.0,0,96
2026-09-26T14:24:25,68.9,25.0,0,87
2026-09-26T14:24:30,69.0,25.0,0,87
2026-09-26T14:24:35,69.1,25.0,0,92
2026-09-26T14:24:40,69.2,25.0,0,84
2026-09-26T14:24:45,69.2,25.0,0,78
2026-09-26T14:24:50,69.3,25.0,0,80
2026-09-26T14:24:55,69.3,25.0,0,80
2026-09-26T14:25:00,69.4,25.0,0,79
2026-09-26T14:25:05,69.4,25.0,0,75
2026-09-26T14:25:10,69.4,25.0,0,78
2026-09-26T14:25:15,69.5,25.0,0,77
2026-09-26T14:25:20,69.4,25.0,0,80
2026-09-26T14:25:25,69.6,25.0,0,83
2026-09-26T14:25:30,69.6,25.0,0,91
2026-09-26T14:25:35,69.7,25.0,0,95
2026-09-26T14:25:40,69.7,25.0,0,105
2026-09-26T14:25:45,69.7,25.0,0,99
2026-09-26T14:25:50,69.7,25.0,0,97
2026-09-26T14:25:55,69.7,25.0,0,100
2026-09-26T14:26:00,69.7,25.0,0,97
2026-09-26T14:26:05,69.8,25.0,0,79
2026-09-26T14:26:10,69.8,25.0,0,91
2026-09-26T14:26:15,69.9,25.0,0,98
2026-09-26T14:26:20,69.9,25.0,0,95
2026-09-26T14:26:25,70.1,25.0,0,92
2026-09-26T14:26:30,70.1,25.0,0,94
2026-09-26T14:26:35,70.2,25.0,0,100
2026-09-26T14:26:40,70.2,25.0,0,96
2026-09-26T14:26:45,70.2,25.0,0,89
2026-09-26T14:26:50,70.2,25.0,0,85
2026-09-26T14:26:55,70.3,25.0,0,85
2026-09-26T14:27:00,70.3,25.0,0,72
2026-09-26T14:27:05,70.2,25.0,0,85
2026-09-26T14:27:10,70.3,25.0,0,79
2026-09-26T14:27:15,70.3,25.0,0,81
2026-09-26T14:27:20,70.3,25.0,0,81
2026-09-26T14:27:25,70.3,25.0,0,85
2026-09-26T14:27:30,70.4,25.0,0,84
2026-09-26T14:27:35,70.4,25.0,0,85
2026-09-26T14:27:40,70.4,25.0,0,93
2026-09-26T14:27:45,70.4,25.0,0,70
2026-09-26T14:27:50,70.5,25.0,1,55
2026-09-26T14:27:55,70.5,25.0,0,74
2026-09-26T14:28:00,70.6,25.0,0,68
2026-09-26T14:28:05,70.6,25.0,0,64
2026-09-26T14:28:10,70.8,25.0,1,65
2026-09-26T14:28:15,71.0,25.0,1,882
2026-09-26T14:28:20,71.0,25.0,1,890
2026-09-26T14:28:25,71.1,25.0,1,837
2026-09-26T14:28:30,71.1,25.0,1,839
2026-09-26T14:28:35,71.1,25.0,0,784
2026-09-26T14:28:40,71.1,25.0,1,726
2026-09-26T14:28:45,71.1,25.0,1,828
2026-09-26T14:28:50,71.2,25.1,0,853
2026-09-26T14:28:55,71.2,25.1,0,849
2026-09-26T14:29:00,71.3,25.1,1,848
2026-09-26T14:29:05,71.3,25.1,0,849
2026-09-26T14:29:10,71.3,25.1,1,680
2026-09-26T14:29:15,71.3,25.1,0,822
2026-09-26T14:29:20,71.2,25.1,1,661
2026-09-26T14:29:25,71.2,25.1,0,686
2026-09-26T14:29:30,71.1,25.1,0,685
2026-09-26T14:29:35,71.0,25.1,1,873
2026-09-26T14:29:40,70.9,25.1,1,835
2026-09-26T14:29:45,70.9,25.1,0,855
2026-09-26T14:29:50,70.9,25.1,0,882
2026-09-26T14:29:55,70.9,25.1,0,876
2026-09-26T14:30:00,70.9,25.1,0,881
2026-09-26T14:30:05,70.9,25.1,0,882
2026-09-26T14:30:10,70.9,25.1,0,880
2026-09-26T14:30:15,70.9,25.1,0,879
2026-09-26T14:30:20,70.9,25.1,0,702
2026-09-26T14:30:25,70.9,25.1,0,858
2026-09-26T14:30:30,70.8,25.1,1,852
2026-09-26T14:30:35,70.8,25.1,1,850
2026-09-26T14:30:40,70.9,25.1,1,670
2026-09-26T14:30:45,70.8,25.1,0,666
2026-09-26T14:30:50,70.9,25.1,0,664
2026-09-26T14:30:55,70.9,25.1,0,659
2026-09-26T14:31:00,70.9,25.1,0,658
2026-09-26T14:31:05,70.8,25.1,0,657
2026-09-26T14:31:10,70.9,25.1,0,657
2026-09-26T14:31:15,70.9,25.1,0,797
2026-09-26T14:31:20,70.8,25.1,1,662
2026-09-26T14:31:25,70.8,25.1,1,651
2026-09-26T14:31:30,70.8,25.1,1,643
2026-09-26T14:31:36,70.8,25.2,1,648
2026-09-26T14:31:41,70.7,25.1,0,673
2026-09-26T14:31:46,70.7,25.1,1,687
2026-09-26T14:31:51,70.7,25.1,1,732
2026-09-26T14:31:56,70.6,25.2,1,775
2026-09-26T14:32:01,70.6,25.1,1,640
2026-09-26T14:32:06,70.7,25.1,0,637
2026-09-26T14:32:11,70.6,25.2,1,641
2026-09-26T14:32:16,70.6,25.2,1,737
2026-09-26T14:32:21,70.7,25.1,0,654
2026-09-26T14:32:26,70.6,25.2,1,653
2026-09-26T14:32:31,70.6,25.2,1,810
2026-09-26T14:32:36,70.6,25.2,1,873
2026-09-26T14:32:41,70.7,25.2,0,870
2026-09-26T14:32:46,70.7,25.2,0,872
2026-09-26T14:32:51,70.7,25.2,1,869
2026-09-26T14:32:56,70.7,25.2,1,883
2026-09-26T14:33:01,70.7,25.2,1,872
2026-09-26T14:33:06,70.7,25.2,1,872
2026-09-26T14:33:11,70.8,25.2,0,862
2026-09-26T14:33:16,70.8,25.2,1,838
2026-09-26T14:33:21,70.9,25.2,1,836
2026-09-26T14:33:26,70.9,25.2,1,836
2026-09-26T14:33:31,70.8,25.2,1,835
2026-09-26T14:33:36,71.0,25.2,0,839
2026-09-26T14:33:41,71.3,25.2,0,845
2026-09-26T14:33:46,71.6,25.2,0,879
2026-09-26T14:33:51,71.8,25.2,0,887
2026-09-26T14:33:56,72.2,25.2,0,868
2026-09-26T14:34:01,72.4,25.2,0,857
2026-09-26T14:34:06,72.4,25.2,1,868
2026-09-26T14:34:11,72.3,25.2,1,908
2026-09-26T14:34:16,72.3,25.2,0,860
2026-09-26T14:34:21,72.2,25.2,0,841
2026-09-26T14:34:26,72.2,25.2,0,935
2026-09-26T14:34:31,72.2,25.2,0,879
2026-09-26T14:34:36,72.1,25.2,0,845
2026-09-26T14:34:41,72.1,25.2,0,875
2026-09-26T14:34:46,72.2,25.3,0,882
2026-09-26T14:34:51,72.3,25.3,1,907
2026-09-26T14:34:56,72.4,25.2,1,881
2026-09-26T14:35:01,72.4,25.3,0,882
2026-09-26T14:35:06,72.3,25.3,0,868
2026-09-26T14:35:11,72.3,25.3,0,875
2026-09-26T14:35:16,72.3,25.3,0,888
2026-09-26T14:35:21,72.3,25.3,1,891
2026-09-26T14:35:26,72.6,25.3,1,894
2026-09-26T14:35:31,72.7,25.3,0,890
2026-09-26T14:35:36,72.8,25.3,0,885
2026-09-26T14:35:41,73.0,25.3,1,842
2026-09-26T14:35:46,73.2,25.3,1,841
2026-09-26T14:35:51,73.3,25.3,1,838
2026-09-26T14:35:56,73.5,25.4,1,824
2026-09-26T14:36:01,73.6,25.4,1,829
2026-09-26T14:36:06,73.6,25.4,1,843
2026-09-26T14:36:11,73.7,25.4,0,835
2026-09-26T14:36:16,73.8,25.4,1,827
2026-09-26T14:36:21,73.9,25.4,0,842
2026-09-26T14:36:26,73.9,25.4,0,843
2026-09-26T14:36:31,74.0,25.4,0,845
2026-09-26T14:36:36,74.1,25.4,0,863
2026-09-26T14:36:41,74.2,25.4,0,880
2026-09-26T14:36:46,74.2,25.4,0,881
2026-09-26T14:36:51,74.3,25.4,0,895
2026-09-26T14:36:56,74.6,25.4,0,884
2026-09-26T14:37:01,74.7,25.4,0,867
2026-09-26T14:37:06,74.6,25.4,0,856
2026-09-26T14:37:11,74.6,25.5,1,831
2026-09-26T14:37:17,74.7,25.5,1,827
2026-09-26T14:37:22,75.0,25.5,1,831
2026-09-26T14:37:27,75.2,25.5,0,834
2026-09-26T14:37:32,75.5,25.5,0,835
2026-09-26T14:37:37,75.5,25.5,1,857
2026-09-26T14:37:42,75.7,25.5,0,864
2026-09-26T14:37:47,75.8,25.5,1,868
2026-09-26T14:37:52,75.9,25.5,1,888
