TimeStamp,accel_y
2026-09-08T14:57:54.578806,-0.0304107666015625
2026-09-08T14:58:03.887747,-0.852935791015625
2026-09-08T14:58:06.890833,-1.025177001953125
2026-09-08T14:58:09.893954,-0.9789581298828125
2026-09-08T14:58:12.897376,-0.87091064453125
2026-09-08T14:58:15.901297,-0.9745635986328125
2026-09-08T14:58:18.905640,-0.987274169921875
2026-09-08T14:58:21.909152,-0.428985595703125
2026-09-08T14:58:24.913379,-1.1623687744140625
2026-09-08T14:58:27.917669,-0.65631103515625
2026-09-08T14:58:30.920786,-0.1587066650390625
2026-09-08T14:58:34.926184,0.143096923828125
2026-09-08T14:58:37.928795,0.01898193359375
2026-09-08T14:58:40.931881,-0.0322113037109375
2026-09-08T14:58:43.934893,-0.0323486328125
2026-09-08T14:58:46.937850,-0.0312042236328125
2026-09-08T14:58:49.941369,-0.030853271484375
2026-09-08T14:58:52.945562,-0.029998779296875
2026-09-08T14:58:55.949066,-0.0314788818359375
2026-09-08T14:58:58.953229,-0.031158447265625
2026-09-08T14:59:01.957171,-0.03045654296875
2026-09-08T14:59:04.976811,-0.030792236328125
2026-09-08T14:59:08.981803,-0.0316619873046875
2026-09-08T14:59:11.986032,-0.0294342041015625
2026-09-08T14:59:14.990282,-0.02862548828125
2026-09-08T14:59:17.994173,-0.030029296875
2026-09-08T14:59:20.998306,-0.030517578125
2026-09-08T14:59:24.002763,-0.0304718017578125
2026-09-08T14:59:27.007054,-0.0310211181640625
2026-09-08T14:59:30.010815,-0.03204345703125
2026-09-08T14:59:33.014935,-0.03033447265625
2026-09-08T14:59:36.019039,-0.03125
2026-09-08T14:59:39.022391,-0.0315399169921875
2026-09-08T14:59:43.027537,-0.0301666259765625
2026-09-08T14:59:46.031628,-0.031707763671875
2026-09-08T14:59:49.035857,-0.0298614501953125
2026-09-08T14:59:52.039201,-0.0299224853515625
2026-09-08T14:59:55.043380,-0.0301361083984375
2026-09-08T14:59:58.047748,-0.0301666259765625
2026-09-08T15:00:01.050899,-0.03167724609375
2026-09-08T15:00:04.055039,-0.0317230224609375
2026-09-08T15:00:07.060989,-0.030181884765625
2026-09-08T15:00:10.064052,-0.0312347412109375
2026-09-08T15:00:13.091444,-0.031402587890625
2026-09-08T15:00:17.096963,-0.0298919677734375
2026-09-08T15:00:20.101198,-0.03216552734375
2026-09-08T15:00:23.105543,-0.03070068359375
2026-09-08T15:00:26.109667,-0.0291748046875
2026-09-08T15:00:29.113843,-0.0304718017578125
2026-09-08T15:00:32.117679,-0.03131103515625
2026-09-08T15:00:35.121762,-0.0311279296875
2026-09-08T15:00:38.125119,-0.0308990478515625
2026-09-08T15:00:41.129231,-0.030792236328125
2026-09-08T15:00:44.133228,-0.0316162109375
2026-09-08T15:00:47.137374,-0.0302734375
2026-09-08T15:00:51.142401,-0.0306549072265625
2026-09-08T15:00:54.145826,-0.02984619140625
2026-09-08T15:00:57.149657,-0.029754638671875
2026-09-08T15:01:00.153626,-0.0307159423828125
2026-09-08T15:01:03.157625,-0.0301513671875
2026-09-08T15:01:06.161781,-0.0310821533203125
2026-09-08T15:01:09.165206,-0.031494140625
2026-09-08T15:01:12.169181,-0.0314483642578125
2026-09-08T15:01:15.172813,-0.0319061279296875
2026-09-08T15:01:18.176649,-0.030487060546875
2026-09-08T15:01:21.180786,-0.0297698974609375
2026-09-08T15:01:25.186061,-0.0313873291015625
2026-09-08T15:01:28.190222,-0.0301666259765625
2026-09-08T15:01:31.194355,-0.0293121337890625
2026-09-08T15:01:34.196770,-0.0299224853515625
2026-09-08T15:01:37.200229,-0.0299835205078125
2026-09-08T15:01:40.204625,-0.0291900634765625
2026-09-08T15:01:43.207800,-0.0306854248046875
2026-09-08T15:01:46.211838,-0.031494140625
2026-09-08T15:01:49.215278,-0.031005859375
2026-09-08T15:01:52.217801,-0.0302886962890625
2026-09-08T15:01:55.220897,-0.0313568115234375
2026-09-08T15:01:59.225498,-0.03125
2026-09-08T15:02:02.229398,-0.031036376953125
2026-09-08T15:02:05.233635,-0.0306396484375
2026-09-08T15:02:08.237956,-0.0303955078125
2026-09-08T15:02:11.241753,-0.032684326171875
2026-09-08T15:02:14.245924,-0.030792236328125
2026-09-08T15:02:17.249984,-0.0313568115234375
2026-09-08T15:02:20.254142,-0.0304412841796875
2026-09-08T15:02:23.257851,-0.696441650390625
2026-09-08T15:02:26.261673,-1.5058135986328125
2026-09-08T15:02:30.266293,0.371795654296875
2026-09-08T15:02:33.270374,0.1208038330078125
2026-09-08T15:02:36.274614,0.8493804931640625
2026-09-08T15:02:39.277811,0.547119140625
2026-09-08T15:02:42.280796,0.763336181640625
2026-09-08T15:02:45.283832,0.21868896484375
2026-09-08T15:02:48.287517,0.9976806640625
2026-09-08T15:02:51.291570,0.841156005859375
2026-09-08T15:02:54.294824,-0.5927276611328125
2026-09-08T15:02:57.297839,1.049774169921875
2026-09-08T15:03:00.300794,1.4170989990234375
2026-09-08T15:03:04.304796,-0.278961181640625
2026-09-08T15:03:07.308188,0.808837890625
2026-09-08T15:03:10.311620,-0.589691162109375
2026-09-08T15:03:13.314938,-0.3015289306640625
2026-09-08T15:03:16.318791,-0.349365234375
2026-09-08T15:03:19.323120,0.1243438720703125
2026-09-08T15:03:22.326775,-0.0067138671875
2026-09-08T15:03:25.329891,-0.17535400390625
2026-09-08T15:03:28.332836,0.078765869140625
2026-09-08T15:03:31.336266,-0.3391265869140625
2026-09-08T15:03:34.338990,-0.2505035400390625
2026-09-08T15:03:38.342843,-0.238372802734375
2026-09-08T15:03:41.345856,-0.3781890869140625
2026-09-08T15:03:44.349245,-0.3419647216796875
2026-09-08T15:03:47.351812,-0.3704986572265625
2026-09-08T15:03:50.354832,0.8536224365234375
2026-09-08T15:03:53.357787,0.209075927734375
2026-09-08T15:03:56.360803,-0.213165283203125
2026-09-08T15:03:59.363826,0.4595184326171875
2026-09-08T15:04:02.366800,0.5287933349609375
2026-09-08T15:04:05.371082,1.0308074951171875
2026-09-08T15:04:08.373899,0.450225830078125
2026-09-08T15:04:12.377731,-0.463653564453125
2026-09-08T15:04:15.380820,-0.1627044677734375
