TimeStamp,accel_z
2026-09-13T17:15:54.121427,-0.97564697265625
2026-09-13T17:15:55.175166,-0.9825439453125
2026-09-13T17:15:56.229287,-0.989166259765625
2026-09-13T17:15:57.281847,-0.988525390625
2026-09-13T17:15:58.349213,-1.001190185546875
2026-09-13T17:15:59.351041,-0.9843292236328125
2026-09-13T17:16:00.450724,-0.9881744384765625
2026-09-13T17:16:01.505830,-0.991546630859375
2026-09-13T17:16:02.602498,-0.990386962890625
2026-09-13T17:16:03.642416,-0.9908294677734375
2026-09-13T17:16:04.672910,-0.988922119140625
2026-09-13T17:16:05.725039,-0.98895263671875
2026-09-13T17:16:06.815127,-0.9890594482421875
2026-09-13T17:16:07.836685,-0.9912872314453125
2026-09-13T17:16:09.979111,-0.991119384765625
2026-09-13T17:16:11.002508,-0.9908599853515625
2026-09-13T17:16:12.054985,-0.9904327392578125
2026-09-13T17:16:13.107412,-0.9854583740234375
2026-09-13T17:16:14.160087,-0.993621826171875
2026-09-13T17:16:15.212211,-0.987091064453125
2026-09-13T17:16:16.264748,-0.9810028076171875
2026-09-13T17:16:17.360618,-0.98919677734375
2026-09-13T17:16:18.434655,-0.9885406494140625
2026-09-13T17:16:19.497291,-1.0029144287109375
2026-09-13T17:16:20.569924,-0.989410400390625
2026-09-13T17:16:21.614777,-0.9803466796875
2026-09-13T17:16:22.669151,-0.991424560546875
2026-09-13T17:16:23.672213,-0.989013671875
2026-09-13T17:16:24.776696,-0.99041748046875
2026-09-13T17:16:25.860375,-0.9888153076171875
2026-09-13T17:16:26.913420,-0.9895782470703125
2026-09-13T17:16:27.966747,-0.989898681640625
2026-09-13T17:16:29.033996,-0.9906768798828125
2026-09-13T17:16:30.087153,-0.991729736328125
2026-09-13T17:16:31.177104,-0.989776611328125
2026-09-13T17:16:32.250802,-0.9903717041015625
2026-09-13T17:16:33.272052,-0.9909515380859375
2026-09-13T17:16:34.325277,-0.9900360107421875
2026-09-13T17:16:35.378477,-0.992034912109375
2026-09-13T17:16:36.431897,-0.990966796875
2026-09-13T17:16:37.484597,-0.990631103515625
2026-09-13T17:16:38.537347,-0.9907073974609375
2026-09-13T17:16:39.585077,-0.98907470703125
2026-09-13T17:16:40.689446,-0.9910736083984375
2026-09-13T17:16:42.770324,-0.9907073974609375
2026-09-13T17:16:43.772461,-0.9905548095703125
2026-09-13T17:16:44.775160,-0.9903411865234375
2026-09-13T17:16:45.841550,-0.9910888671875
2026-09-13T17:16:46.894406,-0.9902191162109375
2026-09-13T17:16:48.998398,-0.9902801513671875
2026-09-13T17:16:50.061228,-0.9892578125
2026-09-13T17:16:51.144977,-0.990966796875
2026-09-13T17:16:52.218084,-0.9914398193359375
2026-09-13T17:16:53.271179,-0.9897613525390625
2026-09-13T17:16:54.367606,-0.98974609375
2026-09-13T17:16:55.370046,-0.9900360107421875
2026-09-13T17:16:57.474469,-0.989410400390625
2026-09-13T17:16:58.526706,-0.9903564453125
2026-09-13T17:16:59.583447,-0.989349365234375
2026-09-13T17:17:00.612408,-0.9907989501953125
2026-09-13T17:17:01.703364,-0.990509033203125
2026-09-13T17:17:02.705381,-0.9915924072265625
2026-09-13T17:17:03.707161,-0.9890899658203125
2026-09-13T17:17:04.776817,-0.9878082275390625
2026-09-13T17:17:05.880100,-0.9891815185546875
2026-09-13T17:17:06.971331,-0.9839324951171875
2026-09-13T17:17:08.049290,-0.9881591796875
2026-09-13T17:17:09.119555,-0.9871063232421875
2026-09-13T17:17:10.171587,-0.9960784912109375
2026-09-13T17:17:11.265610,-0.98858642578125
2026-09-13T17:17:12.342130,-0.990325927734375
2026-09-13T17:17:13.413541,-0.9925689697265625
2026-09-13T17:17:14.484968,-0.9887847900390625
2026-09-13T17:17:15.561537,-0.9875030517578125
2026-09-13T17:17:16.600623,-0.9902801513671875
2026-09-13T17:17:17.653883,-0.98956298828125
2026-09-13T17:17:18.656917,-0.9891815185546875
2026-09-13T17:17:19.724820,-0.9893951416015625
2026-09-13T17:17:20.778145,-0.9904937744140625
2026-09-13T17:17:21.780828,-0.990753173828125
2026-09-13T17:17:22.793602,-0.9886016845703125
2026-09-13T17:17:24.843877,-0.9910430908203125
2026-09-13T17:17:25.846186,-0.9886627197265625
2026-09-13T17:17:27.958874,-0.9919891357421875
2026-09-13T17:17:29.011270,-0.990692138671875
2026-09-13T17:17:30.063433,-0.99371337890625
2026-09-13T17:17:31.115388,-0.989227294921875
2026-09-13T17:17:32.167449,-0.9880523681640625
2026-09-13T17:17:33.231682,-0.9901885986328125
2026-09-13T17:17:34.303405,-0.988372802734375
2026-09-13T17:17:35.382182,-0.9894256591796875
2026-09-13T17:17:36.459135,-0.9888916015625
2026-09-13T17:17:37.533080,-0.989654541015625
2026-09-13T17:17:38.547725,-0.99005126953125
2026-09-13T17:17:39.622183,-0.9908599853515625
2026-09-13T17:17:40.674825,-0.990020751953125
2026-09-13T17:17:41.677325,-0.9901123046875
2026-09-13T17:17:42.779584,-0.9908905029296875
2026-09-13T17:17:43.789920,-0.9919281005859375
2026-09-13T17:17:44.812298,-0.9918670654296875
2026-09-13T17:17:45.833114,-0.989105224609375
2026-09-13T17:17:46.931530,-0.99029541015625
2026-09-13T17:17:47.989448,-0.9898834228515625
2026-09-13T17:17:50.065457,-0.9901275634765625
2026-09-13T17:17:51.152402,-0.9918670654296875
2026-09-13T17:17:52.204613,-0.989898681640625
2026-09-13T17:17:53.256549,-0.991607666015625
2026-09-13T17:17:54.309397,-0.9897613525390625
2026-09-13T17:17:55.361715,-0.989501953125
2026-09-13T17:17:56.422007,-0.9898681640625
2026-09-13T17:17:57.474472,-0.98992919921875
2026-09-13T17:17:58.566469,-0.9901275634765625
2026-09-13T17:17:59.595015,-0.991455078125
2026-09-13T17:18:00.647489,-0.9912872314453125
2026-09-13T17:18:01.649250,-0.9912261962890625
2026-09-13T17:18:02.751174,-0.990509033203125
2026-09-13T17:18:03.757413,-0.9883880615234375
2026-09-13T17:18:04.760077,-0.990203857421875
2026-09-13T17:18:05.809881,-0.9900360107421875
2026-09-13T17:18:06.862096,-0.9892425537109375
2026-09-13T17:18:07.938568,-0.9903106689453125
2026-09-13T17:18:09.025313,-0.9893951416015625
2026-09-13T17:18:10.094542,-0.9897918701171875
2026-09-13T17:18:11.147477,-0.990631103515625
2026-09-13T17:18:12.189202,-0.9898681640625
2026-09-13T17:18:13.242730,-0.988677978515625
2026-09-13T17:18:14.295854,-0.990814208984375
2026-09-13T17:18:15.348460,-0.99090576171875
2026-09-13T17:18:16.401062,-0.9903411865234375
2026-09-13T17:18:17.453500,-0.9911346435546875
2026-09-13T17:18:18.539907,-0.9900665283203125
2026-09-13T17:18:19.617186,-0.9913787841796875
2026-09-13T17:18:20.653724,-0.989105224609375
2026-09-13T17:18:21.706304,-0.98834228515625
2026-09-13T17:18:22.801562,-0.990753173828125
2026-09-13T17:18:24.806581,-0.9895782470703125
2026-09-13T17:18:25.809211,-0.9897613525390625
2026-09-13T17:18:26.861866,-0.9891510009765625
2026-09-13T17:18:27.920011,-0.9890289306640625
2026-09-13T17:18:28.991975,-0.9900054931640625
2026-09-13T17:18:31.036610,-0.9898529052734375
2026-09-13T17:18:32.038448,-0.9894561767578125
2026-09-13T17:18:33.135419,-0.9892578125
2026-09-13T17:18:34.160065,-0.9890899658203125
2026-09-13T17:18:35.212625,-0.987884521484375
2026-09-13T17:18:36.265025,-0.9898529052734375
2026-09-13T17:18:37.317402,-0.99188232421875
2026-09-13T17:18:38.369951,-0.986328125
2026-09-13T17:18:39.422606,-0.9888763427734375
2026-09-13T17:18:40.503559,-0.9918365478515625
2026-09-13T17:18:41.574168,-0.978485107421875
2026-09-13T17:18:42.653023,-0.987213134765625
2026-09-13T17:18:43.693787,-0.9926300048828125
2026-09-13T17:18:44.696239,-0.995941162109375
2026-09-13T17:18:45.798900,-0.9881439208984375
2026-09-13T17:18:46.801577,-0.9929046630859375
2026-09-13T17:18:47.945488,-0.9902801513671875
2026-09-13T17:18:50.049397,-0.9857177734375
2026-09-13T17:18:51.115089,-0.99072265625
2026-09-13T17:18:52.181427,-0.9886932373046875
2026-09-13T17:18:53.244231,-0.989501953125
2026-09-13T17:18:54.297125,-0.9913330078125
2026-09-13T17:18:55.399160,-0.9889373779296875
2026-09-13T17:18:56.404611,-0.9920196533203125
2026-09-13T17:18:57.457001,-0.988555908203125
2026-09-13T17:18:58.509539,-0.9891510009765625
2026-09-13T17:18:59.562454,-0.98974609375
2026-09-13T17:19:00.619754,-0.9901580810546875
2026-09-13T17:19:01.649795,-0.9892425537109375
2026-09-13T17:19:02.690684,-0.988555908203125
2026-09-13T17:19:03.761908,-0.98944091796875
2026-09-13T17:19:04.763961,-0.9900970458984375
2026-09-13T17:19:05.812679,-0.988800048828125
2026-09-13T17:19:06.877041,-0.989349365234375
2026-09-13T17:19:07.929433,-0.9901275634765625
2026-09-13T17:19:09.030143,-0.990203857421875
2026-09-13T17:19:10.082354,-0.990325927734375
2026-09-13T17:19:11.134858,-0.990997314453125
2026-09-13T17:19:12.188010,-0.9896240234375
2026-09-13T17:19:17.485496,-0.99029541015625
2026-09-13T17:19:18.491799,-0.98980712890625
2026-09-13T17:19:19.544585,-0.9901580810546875
2026-09-13T17:19:20.597086,-0.990325927734375
2026-09-13T17:19:21.616390,-0.988861083984375
2026-09-13T17:19:22.708171,-0.9897308349609375
2026-09-13T17:19:23.730219,-0.99017333984375
2026-09-13T17:19:24.732851,-0.9886474609375
2026-09-13T17:19:25.780647,-0.99139404296875
2026-09-13T17:19:26.801757,-0.9895172119140625
2026-09-13T17:19:27.824100,-0.9897918701171875
2026-09-13T17:19:28.847567,-0.989410400390625
2026-09-13T17:19:30.852095,-0.9893035888671875
2026-09-13T17:19:31.854800,-0.9881134033203125
2026-09-13T17:19:32.987052,-0.990447998046875
2026-09-13T17:19:35.190761,-0.9899139404296875
2026-09-13T17:19:36.261522,-0.98907470703125
2026-09-13T17:19:37.314100,-0.988067626953125
2026-09-13T17:19:38.366469,-0.99102783203125
2026-09-13T17:19:39.368708,-0.9893646240234375
2026-09-13T17:19:40.421434,-0.9905242919921875
2026-09-13T17:19:41.474477,-0.9889984130859375
2026-09-13T17:19:42.555986,-0.989654541015625
2026-09-13T17:19:43.613871,-0.989990234375
2026-09-13T17:19:44.706186,-0.9903411865234375
2026-09-13T17:19:45.805571,-0.9900360107421875
2026-09-13T17:19:46.870586,-0.99029541015625
2026-09-13T17:19:48.920509,-0.9896087646484375
2026-09-13T17:19:49.940722,-0.99169921875
2026-09-13T17:19:50.942625,-0.9906768798828125
2026-09-13T17:19:52.946420,-0.9891510009765625
2026-09-13T17:19:53.948410,-0.98846435546875
2026-09-13T17:19:55.008002,-0.9913330078125
2026-09-13T17:19:56.106414,-0.989501953125
2026-09-13T17:19:57.158973,-0.9892730712890625
2026-09-13T17:19:58.229547,-0.98944091796875
2026-09-13T17:19:59.301758,-0.990264892578125
2026-09-13T17:20:00.353849,-0.98992919921875
2026-09-13T17:20:01.405537,-0.9908447265625
2026-09-13T17:20:02.420602,-0.986541748046875
2026-09-13T17:20:03.472687,-0.9860076904296875
2026-09-13T17:20:04.525757,-0.9884490966796875
2026-09-13T17:20:05.595997,-0.9886474609375
2026-09-13T17:20:06.638231,-0.9882659912109375
2026-09-13T17:20:07.739921,-0.989837646484375
2026-09-13T17:20:08.780408,-0.98944091796875
2026-09-13T17:20:09.809848,-0.99017333984375
2026-09-13T17:20:10.832445,-0.9888458251953125
2026-09-13T17:20:11.884713,-0.9919281005859375
2026-09-13T17:20:12.925259,-0.9903106689453125
2026-09-13T17:20:13.977064,-0.988861083984375
2026-09-13T17:20:15.031941,-0.9903106689453125
2026-09-13T17:20:16.115164,-0.988922119140625
2026-09-13T17:20:17.167370,-0.99078369140625
2026-09-13T17:20:18.219326,-0.9882659912109375
2026-09-13T17:20:19.276740,-0.9891815185546875
2026-09-13T17:20:20.347704,-0.988189697265625
2026-09-13T17:20:21.419169,-0.9886474609375
2026-09-13T17:20:22.471725,-0.989105224609375
2026-09-13T17:20:23.520398,-0.9903106689453125
2026-09-13T17:20:24.587794,-0.9888153076171875
2026-09-13T17:20:25.614951,-0.9958953857421875
2026-09-13T17:20:26.667098,-0.989349365234375
2026-09-13T17:20:27.769438,-0.9898681640625
2026-09-13T17:20:28.771444,-0.99072265625
2026-09-13T17:20:29.774042,-0.9872589111328125
2026-09-13T17:20:30.776243,-0.98907470703125
2026-09-13T17:20:31.827778,-0.9904632568359375
2026-09-13T17:20:32.831365,-0.9892425537109375
2026-09-13T17:20:33.871345,-0.983978271484375
2026-09-13T17:20:34.895308,-0.9884796142578125
2026-09-13T17:20:35.971537,-0.9883575439453125
2026-09-13T17:20:37.024464,-0.99078369140625
2026-09-13T17:20:38.126464,-0.9883270263671875
2026-09-13T17:20:39.178526,-0.9901275634765625
2026-09-13T17:20:41.285390,-0.987945556640625
2026-09-13T17:20:42.341011,-0.989959716796875
2026-09-13T17:20:43.392992,-0.9907684326171875
2026-09-13T17:20:44.460173,-0.9879608154296875
2026-09-13T17:20:45.462380,-0.986907958984375
2026-09-13T17:20:46.514813,-0.9893035888671875
2026-09-13T17:20:47.573391,-0.9905853271484375
2026-09-13T17:20:48.625406,-0.989776611328125
2026-09-13T17:20:49.645501,-0.98919677734375
2026-09-13T17:20:50.747645,-0.9891204833984375
2026-09-13T17:20:51.795620,-0.9881591796875
2026-09-13T17:20:52.797581,-0.9873809814453125
2026-09-13T17:20:53.839756,-0.99078369140625
2026-09-13T17:20:55.978385,-0.991119384765625
2026-09-13T17:20:57.004954,-0.988250732421875
2026-09-13T17:20:59.008747,-0.9900665283203125
2026-09-13T17:21:00.010913,-0.988128662109375
2026-09-13T17:21:01.063180,-0.9893798828125
2026-09-13T17:21:02.133816,-0.98974609375
2026-09-13T17:21:03.205987,-0.9900054931640625
2026-09-13T17:21:04.276333,-0.9912109375
2026-09-13T17:21:05.350101,-0.9887237548828125
2026-09-13T17:21:06.431953,-0.9897003173828125
2026-09-13T17:21:07.462983,-0.988525390625
2026-09-13T17:21:08.515230,-0.98992919921875
2026-09-13T17:21:09.567093,-0.990997314453125
2026-09-13T17:21:10.618846,-0.9944000244140625
2026-09-13T17:21:11.671595,-0.9898529052734375
2026-09-13T17:21:12.725077,-0.9879913330078125
2026-09-13T17:21:13.797322,-0.987274169921875
2026-09-13T17:21:14.823425,-0.9793243408203125
2026-09-13T17:21:15.826029,-0.990234375
2026-09-13T17:21:16.829857,-0.990875244140625
2026-09-13T17:21:17.883797,-0.99053955078125
2026-09-13T17:21:19.942420,-0.990478515625
2026-09-13T17:21:26.277013,-0.9896392822265625
2026-09-13T17:21:27.328826,-0.98883056640625
2026-09-13T17:21:28.394440,-0.9884490966796875
2026-09-13T17:21:29.462500,-0.9886474609375
2026-09-13T17:21:30.468723,-0.99072265625
2026-09-13T17:21:31.520765,-0.990142822265625
2026-09-13T17:21:36.737876,-0.9905853271484375
2026-09-13T17:21:37.840344,-0.990570068359375
2026-09-13T17:21:38.892754,-0.99163818359375
2026-09-13T17:21:39.944678,-0.9901885986328125
2026-09-13T17:21:40.988914,-0.991851806640625
2026-09-13T17:21:42.071335,-0.9865570068359375
2026-09-13T17:21:43.141569,-0.9899139404296875
2026-09-13T17:21:44.212780,-0.9904937744140625
2026-09-13T17:21:45.323312,-0.9909515380859375
2026-09-13T17:21:46.377074,-0.986785888671875
2026-09-13T17:21:47.435185,-0.987823486328125
2026-09-13T17:21:48.508195,-0.9894866943359375
2026-09-13T17:21:49.587200,-0.9900970458984375
2026-09-13T17:21:50.639432,-0.9894561767578125
2026-09-13T17:21:51.693364,-0.988677978515625
2026-09-13T17:21:52.745332,-0.9898223876953125
2026-09-13T17:21:53.797493,-0.9892120361328125
2026-09-13T17:21:54.800049,-0.98968505859375
2026-09-13T17:21:55.809075,-0.9915618896484375
2026-09-13T17:21:56.811316,-0.99017333984375
2026-09-13T17:21:57.843664,-0.99005126953125
2026-09-13T17:21:58.866071,-0.98870849609375
2026-09-13T17:21:59.892448,-0.990753173828125
2026-09-13T17:22:00.945556,-0.9888458251953125
2026-09-13T17:22:01.998583,-0.9897613525390625
2026-09-13T17:22:03.007072,-0.9884490966796875
2026-09-13T17:22:04.059833,-0.9888153076171875
2026-09-13T17:22:05.115134,-0.988128662109375
2026-09-13T17:22:06.167580,-0.990814208984375
2026-09-13T17:22:07.253948,-0.989593505859375
2026-09-13T17:22:08.326304,-0.9890594482421875
2026-09-13T17:22:09.404611,-0.98974609375
2026-09-13T17:22:10.461968,-0.98858642578125
2026-09-13T17:22:11.547581,-0.9906005859375
2026-09-13T17:22:12.621035,-0.9906463623046875
2026-09-13T17:22:13.638461,-0.9892578125
2026-09-13T17:22:14.739930,-0.9907684326171875
2026-09-13T17:22:15.742312,-0.9876556396484375
2026-09-13T17:22:16.745220,-0.9911956787109375
2026-09-13T17:22:17.790521,-0.9879608154296875
2026-09-13T17:22:18.842401,-0.9902191162109375
2026-09-13T17:22:19.856346,-0.9883270263671875
2026-09-13T17:22:21.906355,-0.9891204833984375
2026-09-13T17:22:22.927346,-0.9894866943359375
2026-09-13T17:22:25.008639,-0.988861083984375
2026-09-13T17:22:26.060765,-0.989898681640625
2026-09-13T17:22:27.113236,-0.9891815185546875
2026-09-13T17:22:28.165323,-0.989715576171875
2026-09-13T17:22:29.221701,-0.99114990234375
2026-09-13T17:22:30.319506,-0.9889984130859375
2026-09-13T17:22:31.371489,-0.9898223876953125
2026-09-13T17:22:33.475556,-0.9904937744140625
2026-09-13T17:22:34.527612,-0.9903717041015625
2026-09-13T17:22:35.533253,-0.9899139404296875
2026-09-13T17:22:36.598692,-0.9907073974609375
2026-09-13T17:22:37.660663,-0.9893646240234375
2026-09-13T17:22:38.701732,-0.9914093017578125
2026-09-13T17:22:39.804530,-0.99151611328125
2026-09-13T17:22:40.882356,-0.978607177734375
2026-09-13T17:22:41.978611,-0.9890289306640625
2026-09-13T17:22:43.045260,-0.9864044189453125
2026-09-13T17:22:44.124383,-0.988250732421875
2026-09-13T17:22:45.188827,-0.9881744384765625
2026-09-13T17:22:46.244598,-0.9888763427734375
2026-09-13T17:22:47.246553,-0.9883270263671875
2026-09-13T17:22:48.299376,-0.986297607421875
2026-09-13T17:22:49.352657,-0.990386962890625
2026-09-13T17:22:50.405190,-0.9906768798828125
2026-09-13T17:22:51.484245,-0.9909820556640625
2026-09-13T17:22:52.562373,-0.988922119140625
2026-09-13T17:22:53.633691,-0.9882659912109375
2026-09-13T17:22:54.680386,-0.9904327392578125
2026-09-13T17:22:55.732438,-0.9890899658203125
2026-09-13T17:22:56.827516,-0.98895263671875
2026-09-13T17:22:57.841387,-0.98919677734375
2026-09-13T17:22:58.843510,-0.9915008544921875
2026-09-13T17:22:59.845411,-0.98797607421875
2026-09-13T17:23:00.847539,-0.9891815185546875
2026-09-13T17:23:01.849543,-0.990753173828125
2026-09-13T17:23:02.901595,-0.989837646484375
2026-09-13T17:23:03.903319,-0.9893341064453125
2026-09-13T17:23:04.915894,-0.99017333984375
2026-09-13T17:23:05.918326,-0.99420166015625
2026-09-13T17:23:08.067265,-0.9915618896484375
2026-09-13T17:23:09.101674,-0.989837646484375
2026-09-13T17:23:10.164734,-0.9907684326171875
2026-09-13T17:23:11.254408,-0.99005126953125
2026-09-13T17:23:12.306469,-0.990203857421875
2026-09-13T17:23:13.359311,-0.9888458251953125
2026-09-13T17:23:14.412105,-0.9901123046875
2026-09-13T17:23:15.474824,-0.9896240234375
2026-09-13T17:23:16.527866,-0.9902191162109375
2026-09-13T17:23:17.596332,-0.9900054931640625
2026-09-13T17:23:18.668792,-0.990142822265625
2026-09-13T17:23:19.697296,-0.986602783203125
2026-09-13T17:23:20.750197,-0.990692138671875
2026-09-13T17:23:21.752673,-0.98968505859375
2026-09-13T17:23:22.855549,-0.9900970458984375
2026-09-13T17:23:23.861438,-0.9903106689453125
2026-09-13T17:23:24.884545,-0.989471435546875
2026-09-13T17:23:25.902123,-0.987548828125
2026-09-13T17:23:27.935430,-0.9903411865234375
2026-09-13T17:23:28.978415,-0.990386962890625
2026-09-13T17:23:30.032482,-0.98870849609375
2026-09-13T17:23:31.071732,-0.9905853271484375
2026-09-13T17:23:32.125572,-0.989959716796875
2026-09-13T17:23:33.178600,-0.989898681640625
2026-09-13T17:23:34.232004,-0.9890289306640625
2026-09-13T17:23:35.284523,-0.9897308349609375
2026-09-13T17:23:36.336682,-0.9914093017578125
2026-09-13T17:23:37.413483,-0.9881439208984375
2026-09-13T17:23:38.485047,-0.99017333984375
2026-09-13T17:23:39.563796,-0.9907379150390625
2026-09-13T17:23:40.635387,-0.987701416015625
2026-09-13T17:23:41.670642,-0.9900665283203125
2026-09-13T17:23:42.722925,-0.9896240234375
2026-09-13T17:23:43.775481,-0.98858642578125
2026-09-13T17:23:44.779620,-0.9920654296875
2026-09-13T17:23:45.785825,-0.988128662109375
2026-09-13T17:23:46.788165,-0.99078369140625
2026-09-13T17:23:47.821294,-0.9896392822265625
2026-09-13T17:23:48.923463,-0.988372802734375
2026-09-13T17:23:50.016935,-0.990020751953125
2026-09-13T17:23:51.093510,-0.9900970458984375
2026-09-13T17:23:52.215810,-0.989959716796875
2026-09-13T17:23:53.237005,-0.98944091796875
2026-09-13T17:23:54.316372,-0.9904327392578125
2026-09-13T17:23:55.368512,-0.990509033203125
2026-09-13T17:23:56.428880,-0.990478515625
2026-09-13T17:23:57.481295,-0.989410400390625
2026-09-13T17:23:58.533384,-0.988494873046875
2026-09-13T17:23:59.585530,-0.9899749755859375
2026-09-13T17:24:01.689431,-0.9910888671875
2026-09-13T17:24:02.753295,-0.9892578125
2026-09-13T17:24:03.839133,-0.9888763427734375
2026-09-13T17:24:04.880785,-0.9898681640625
2026-09-13T17:24:05.933061,-0.9899444580078125
2026-09-13T17:24:07.937132,-0.989227294921875
2026-09-13T17:24:08.939079,-0.9911041259765625
2026-09-13T17:24:10.024069,-0.99078369140625
2026-09-13T17:24:11.075938,-0.9884796142578125
2026-09-13T17:24:12.133120,-0.9893798828125
2026-09-13T17:24:13.205416,-0.99017333984375
2026-09-13T17:24:14.285374,-0.9903564453125
2026-09-13T17:24:15.287576,-0.9896697998046875
2026-09-13T17:24:16.342571,-0.989349365234375
2026-09-13T17:24:17.396086,-0.9903717041015625
2026-09-13T17:24:18.448812,-0.9897613525390625
2026-09-13T17:24:19.501910,-0.990875244140625
2026-09-13T17:24:20.572743,-0.98944091796875
2026-09-13T17:24:21.645509,-0.987213134765625
2026-09-13T17:24:22.722882,-0.99041748046875
2026-09-13T17:24:23.764188,-0.9887542724609375
2026-09-13T17:24:24.823364,-0.9892425537109375
2026-09-13T17:24:25.879274,-0.990081787109375
2026-09-13T17:24:28.963601,-0.9894866943359375
2026-09-13T17:24:30.026950,-1.0050048828125
2026-09-13T17:24:31.079496,-0.9886322021484375
2026-09-13T17:24:32.132116,-0.98992919921875
2026-09-13T17:24:33.184220,-0.9899444580078125
2026-09-13T17:24:34.251570,-0.990142822265625
2026-09-13T17:24:35.323699,-0.9896087646484375
2026-09-13T17:24:36.376614,-0.989410400390625
2026-09-13T17:24:37.421062,-0.9896697998046875
2026-09-13T17:24:38.475040,-0.988433837890625
2026-09-13T17:24:39.529518,-0.9904327392578125
2026-09-13T17:24:40.581808,-0.9898529052734375
2026-09-13T17:24:41.634853,-0.9925689697265625
2026-09-13T17:24:42.690291,-0.9890899658203125
2026-09-13T17:24:43.731355,-0.9872589111328125
2026-09-13T17:24:44.825626,-0.9907073974609375
2026-09-13T17:24:45.828459,-0.99041748046875
2026-09-13T17:24:46.905025,-0.9904632568359375
2026-09-13T17:24:47.920548,-0.9886932373046875
2026-09-13T17:24:48.924496,-0.989898681640625
2026-09-13T17:24:50.028789,-0.989959716796875
2026-09-13T17:24:51.082815,-0.989593505859375
2026-09-13T17:24:52.137100,-0.9842681884765625
2026-09-13T17:24:53.190736,-0.9895477294921875
2026-09-13T17:24:54.267883,-0.9938507080078125
2026-09-13T17:24:55.326818,-0.9884796142578125
2026-09-13T17:24:56.380301,-1.0003662109375
2026-09-13T17:24:57.442181,-0.9900360107421875
2026-09-13T17:24:58.479215,-0.9891815185546875
2026-09-13T17:24:59.530881,-0.9903717041015625
2026-09-13T17:25:00.582721,-0.989654541015625
2026-09-13T17:25:01.635703,-0.98895263671875
2026-09-13T17:25:02.688800,-0.9888153076171875
2026-09-13T17:25:04.801911,-0.9887542724609375
2026-09-13T17:25:05.884543,-0.9893341064453125
2026-09-13T17:25:06.971573,-0.9909210205078125
2026-09-13T17:25:09.022545,-0.990692138671875
2026-09-13T17:25:10.125399,-0.9898529052734375
2026-09-13T17:25:11.178441,-0.991058349609375
2026-09-13T17:25:12.231499,-0.98968505859375
2026-09-13T17:25:13.320980,-0.98931884765625
2026-09-13T17:25:14.374068,-0.9889068603515625
2026-09-13T17:25:15.431551,-0.9897003173828125
2026-09-13T17:25:16.496886,-0.9886322021484375
2026-09-13T17:25:17.561503,-0.989013671875
2026-09-13T17:25:18.632402,-0.98992919921875
2026-09-13T17:25:19.684711,-0.996307373046875
2026-09-13T17:25:20.690276,-0.9869537353515625
2026-09-13T17:25:21.792513,-0.9939117431640625
2026-09-13T17:25:22.795450,-0.9876861572265625
2026-09-13T17:25:23.898541,-0.9898834228515625
2026-09-13T17:25:24.901536,-0.988861083984375
2026-09-13T17:25:26.050469,-0.990875244140625
2026-09-13T17:25:27.102546,-0.9899444580078125
2026-09-13T17:25:28.154826,-0.99066162109375
2026-09-13T17:25:29.242266,-0.9910430908203125
2026-09-13T17:25:30.342204,-0.9916534423828125
2026-09-13T17:25:31.394035,-0.989990234375
2026-09-13T17:25:32.408020,-0.990264892578125
2026-09-13T17:25:33.460263,-0.9898223876953125
2026-09-13T17:25:34.512289,-0.9887237548828125
2026-09-13T17:25:35.564675,-0.990570068359375
2026-09-13T17:25:36.617141,-0.988555908203125
2026-09-13T17:25:37.669620,-0.989532470703125
2026-09-13T17:25:38.720966,-0.99102783203125
2026-09-13T17:25:39.822956,-0.98956298828125
2026-09-13T17:25:40.871315,-0.9896240234375
2026-09-13T17:25:41.892135,-0.990020751953125
2026-09-13T17:25:42.907250,-0.9905548095703125
2026-09-13T17:25:43.908888,-0.9891204833984375
2026-09-13T17:25:44.913851,-0.989288330078125
2026-09-13T17:25:45.916019,-0.9895172119140625
2026-09-13T17:25:46.918491,-0.989044189453125
2026-09-13T17:25:47.970583,-0.989715576171875
2026-09-13T17:25:49.023047,-0.9898681640625
2026-09-13T17:25:50.075565,-0.9883880615234375
2026-09-13T17:25:51.154035,-0.9906005859375
2026-09-13T17:25:52.206155,-0.99029541015625
2026-09-13T17:25:53.258605,-0.9897613525390625
2026-09-13T17:25:54.274713,-0.9903106689453125
2026-09-13T17:25:55.331698,-0.9881591796875
2026-09-13T17:25:56.384385,-0.9883270263671875
2026-09-13T17:25:57.437212,-0.9896392822265625
2026-09-13T17:25:58.490198,-0.98883056640625
2026-09-13T17:25:59.541853,-0.98907470703125
2026-09-13T17:26:00.593952,-0.989776611328125
2026-09-13T17:26:01.658881,-0.98773193359375
2026-09-13T17:26:02.712750,-0.98480224609375
2026-09-13T17:26:03.791555,-0.989990234375
2026-09-13T17:26:04.863169,-0.98797607421875
2026-09-13T17:26:05.910105,-0.990447998046875
2026-09-13T17:26:06.978994,-0.9900665283203125
2026-09-13T17:26:08.983915,-0.9914398193359375
2026-09-13T17:26:09.987250,-0.98480224609375
2026-09-13T17:26:11.041380,-0.9889068603515625
2026-09-13T17:26:12.137110,-0.9901275634765625
2026-09-13T17:26:13.189863,-0.988494873046875
2026-09-13T17:26:14.242107,-0.982086181640625
2026-09-13T17:26:16.483091,-0.9898223876953125
2026-09-13T17:26:17.535405,-0.990875244140625
2026-09-13T17:26:18.587604,-0.9896697998046875
2026-09-13T17:26:19.640079,-0.9909820556640625
2026-09-13T17:26:20.691990,-0.9887847900390625
2026-09-13T17:26:21.729203,-0.9892730712890625
2026-09-13T17:26:22.781650,-0.9916839599609375
2026-09-13T17:26:23.881437,-0.988189697265625
2026-09-13T17:26:24.900736,-0.9903717041015625
2026-09-13T17:26:25.908041,-0.987762451171875
2026-09-13T17:26:26.910362,-0.9893035888671875
2026-09-13T17:26:27.970474,-0.988739013671875
2026-09-13T17:26:29.022534,-0.9891510009765625
2026-09-13T17:26:31.126858,-0.9949188232421875
2026-09-13T17:26:32.201285,-0.989471435546875
2026-09-13T17:26:33.253546,-0.9873199462890625
2026-09-13T17:26:34.319870,-0.9895477294921875
2026-09-13T17:26:35.373226,-0.98748779296875
2026-09-13T17:26:36.425807,-0.9893341064453125
2026-09-13T17:26:37.496731,-0.9889373779296875
2026-09-13T17:26:38.549420,-0.98797607421875
2026-09-13T17:26:39.601672,-0.9900360107421875
2026-09-13T17:26:40.654498,-0.98992919921875
2026-09-13T17:26:41.706505,-0.989227294921875
2026-09-13T17:26:42.753442,-0.99072265625
2026-09-13T17:26:43.847257,-0.9888916015625
2026-09-13T17:26:44.867943,-0.9888458251953125
2026-09-13T17:26:45.869643,-0.989532470703125
2026-09-13T17:26:46.949452,-0.9892120361328125
2026-09-13T17:26:48.040358,-0.9894256591796875
2026-09-13T17:26:49.064029,-0.989776611328125
2026-09-13T17:26:50.136725,-0.9898529052734375
2026-09-13T17:26:51.188918,-0.98760986328125
2026-09-13T17:26:52.241479,-0.98944091796875
2026-09-13T17:26:53.293908,-0.98992919921875
2026-09-13T17:26:54.347123,-0.98895263671875
2026-09-13T17:26:55.408656,-0.9894866943359375
2026-09-13T17:26:56.479258,-0.9895477294921875
2026-09-13T17:26:57.531816,-0.9901885986328125
2026-09-13T17:26:58.628983,-0.99066162109375
2026-09-13T17:26:59.663406,-0.9882659912109375
2026-09-13T17:27:00.715690,-0.99005126953125
2026-09-13T17:27:01.766266,-0.9913482666015625
2026-09-13T17:27:02.818577,-0.9904327392578125
2026-09-13T17:27:03.870988,-0.9888153076171875
2026-09-13T17:27:04.878377,-0.98980712890625
2026-09-13T17:27:05.919600,-1.012298583984375
2026-09-13T17:27:07.924362,-0.3750457763671875
2026-09-13T17:27:08.931372,-0.0935516357421875
2026-09-13T17:27:10.986820,0.410675048828125
2026-09-13T17:27:12.039595,-0.2046051025390625
2026-09-13T17:27:13.092424,-0.4200592041015625
2026-09-13T17:27:14.153037,-0.1541748046875
2026-09-13T17:27:15.205959,0.1455535888671875
2026-09-13T17:27:16.272419,0.72772216796875
2026-09-13T17:27:17.374376,0.1074676513671875
2026-09-13T17:27:18.446364,-0.510406494140625
2026-09-13T17:27:19.519870,-0.1213836669921875
2026-09-13T17:27:20.598589,0.35992431640625
2026-09-13T17:27:21.601553,0.73065185546875
2026-09-13T17:27:22.686918,-0.282257080078125
2026-09-13T17:27:23.739398,-0.3088226318359375
2026-09-13T17:27:24.791582,0.379241943359375
2026-09-13T17:27:25.800259,0.8525390625
2026-09-13T17:27:26.852900,0.04974365234375
2026-09-13T17:27:27.905508,-0.402130126953125
2026-09-13T17:27:28.920766,0.81243896484375
2026-09-13T17:27:29.974567,-0.4732208251953125
2026-09-13T17:27:31.074195,-0.1153106689453125
2026-09-13T17:27:32.127056,0.781585693359375
2026-09-13T17:27:33.144464,0.3507537841796875
2026-09-13T17:27:34.196876,0.4705352783203125
2026-09-13T17:27:35.249292,0.8551788330078125
2026-09-13T17:27:36.302297,0.4669036865234375
2026-09-13T17:27:37.354526,-0.192352294921875
2026-09-13T17:27:38.414582,-0.9280548095703125
2026-09-13T17:27:39.487498,-0.832061767578125
2026-09-13T17:27:40.558563,-0.4898681640625
2026-09-13T17:27:41.637351,-0.780303955078125
2026-09-13T17:27:42.689622,-0.57537841796875
2026-09-13T17:27:43.743655,-0.1460418701171875
2026-09-13T17:27:44.795716,0.250274658203125
2026-09-13T17:27:45.800591,0.5724945068359375
2026-09-13T17:27:46.853360,0.2489166259765625
2026-09-13T17:27:47.856654,-0.31732177734375
2026-09-13T17:27:48.858555,-0.5000762939453125
2026-09-13T17:27:49.924981,0.48590087890625
2026-09-13T17:27:51.016053,0.22625732421875
2026-09-13T17:27:52.088011,-0.3512725830078125
2026-09-13T17:27:53.167222,-0.3258209228515625
2026-09-13T17:27:54.239835,0.353302001953125
2026-09-13T17:27:55.253851,0.420623779296875
2026-09-13T17:27:56.306511,-0.3238983154296875
2026-09-13T17:27:57.359908,-0.130889892578125
2026-09-13T17:27:58.413356,0.3817291259765625
2026-09-13T17:27:59.466096,0.16845703125
2026-09-13T17:28:00.533647,0.01220703125
2026-09-13T17:28:01.586178,-0.420623779296875
2026-09-13T17:28:02.686553,-0.118682861328125
2026-09-13T17:28:03.727734,0.161529541015625
2026-09-13T17:28:04.782449,0.305633544921875
2026-09-13T17:28:05.785016,-0.2679290771484375
2026-09-13T17:28:06.837507,-0.3507232666015625
2026-09-13T17:28:07.841021,0.0628509521484375
2026-09-13T17:28:08.893337,0.4192047119140625
2026-09-13T17:28:09.945644,0.0670318603515625
2026-09-13T17:28:10.984109,0.207733154296875
2026-09-13T17:28:12.084382,0.1449737548828125
2026-09-13T17:28:13.136978,-0.5503997802734375
2026-09-13T17:28:14.231384,0.1592254638671875
2026-09-13T17:28:15.287817,0.18719482421875
2026-09-13T17:28:16.390622,-0.4789581298828125
2026-09-13T17:28:17.393297,-0.0153656005859375
2026-09-13T17:28:18.445928,0.40313720703125
2026-09-13T17:28:19.537146,-0.235595703125
2026-09-13T17:28:20.590221,-0.4980926513671875
2026-09-13T17:28:21.643721,0.2272186279296875
2026-09-13T17:28:22.696559,0.1792755126953125
2026-09-13T17:28:23.749675,-0.2556610107421875
2026-09-13T17:28:24.770663,-0.5070037841796875
2026-09-13T17:28:25.823416,0.0391998291015625
2026-09-13T17:28:26.837955,0.520965576171875
2026-09-13T17:28:27.842684,-0.159423828125
2026-09-13T17:28:28.895631,-0.3990325927734375
2026-09-13T17:28:29.930519,0.6679229736328125
2026-09-13T17:28:30.983603,-0.0374298095703125
2026-09-13T17:28:32.036517,-0.4366912841796875
2026-09-13T17:28:33.088772,-0.28668212890625
2026-09-13T17:28:34.140948,0.1946258544921875
2026-09-13T17:28:35.239316,0.639190673828125
2026-09-13T17:28:36.315714,0.6736907958984375
2026-09-13T17:28:37.368173,0.1613006591796875
2026-09-13T17:28:38.431603,-0.3986358642578125
2026-09-13T17:28:39.454176,-0.2754669189453125
2026-09-13T17:28:40.544372,0.3896026611328125
2026-09-13T17:28:41.596664,0.8498992919921875
2026-09-13T17:28:42.695119,0.1432037353515625
2026-09-13T17:28:43.737711,-0.55743408203125
2026-09-13T17:28:44.790143,-0.157623291015625
2026-09-13T17:28:45.837549,0.7630615234375
2026-09-13T17:28:46.912480,0.3077545166015625
2026-09-13T17:28:47.988452,-0.386383056640625
2026-09-13T17:28:48.998156,0.3238525390625
2026-09-13T17:28:50.001090,0.594024658203125
2026-09-13T17:28:51.087151,-0.1560516357421875
2026-09-13T17:28:52.140261,-0.597869873046875
2026-09-13T17:28:53.193463,-0.0608367919921875
2026-09-13T17:28:54.293393,0.84942626953125
2026-09-13T17:28:55.389727,0.6066436767578125
2026-09-13T17:28:56.447009,-0.155548095703125
2026-09-13T17:28:57.540894,-0.5684814453125
2026-09-13T17:28:58.593779,-0.118988037109375
2026-09-13T17:28:59.690828,0.576568603515625
2026-09-13T17:29:00.693461,0.5088348388671875
2026-09-13T17:29:01.746421,-0.4941864013671875
2026-09-13T17:29:02.799224,0.0600433349609375
2026-09-13T17:29:03.802944,0.9529876708984375
2026-09-13T17:29:04.904796,0.552398681640625
2026-09-13T17:29:05.957457,-0.1504364013671875
2026-09-13T17:29:07.011198,-0.5161895751953125
2026-09-13T17:29:08.063435,-0.3478240966796875
2026-09-13T17:29:09.116162,0.69610595703125
2026-09-13T17:29:10.169434,0.3175811767578125
2026-09-13T17:29:11.223652,-0.0264739990234375
2026-09-13T17:29:12.243475,-0.44415283203125
2026-09-13T17:29:13.296583,-0.152618408203125
2026-09-13T17:29:14.350140,0.798736572265625
2026-09-13T17:29:15.402960,0.6568450927734375
2026-09-13T17:29:16.455123,-0.197113037109375
2026-09-13T17:29:17.507291,-0.5402069091796875
2026-09-13T17:29:18.562455,0.1426544189453125
2026-09-13T17:29:19.614609,0.7981109619140625
2026-09-13T17:29:20.706362,-0.02484130859375
2026-09-13T17:29:21.777628,-0.356903076171875
2026-09-13T17:29:22.871350,0.434539794921875
2026-09-13T17:29:23.923607,0.65850830078125
2026-09-13T17:29:24.975857,-0.0911102294921875
2026-09-13T17:29:25.978436,0.2017059326171875
2026-09-13T17:29:27.989985,0.3363037109375
2026-09-13T17:29:29.013082,-0.2317657470703125
2026-09-13T17:29:30.102664,0.1422119140625
2026-09-13T17:29:31.163582,0.148712158203125
2026-09-13T17:29:32.219375,-0.428192138671875
2026-09-13T17:29:33.306486,0.1873931884765625
2026-09-13T17:29:34.331728,-0.52239990234375
2026-09-13T17:29:35.383769,0.1946563720703125
2026-09-13T17:29:36.436280,0.1024322509765625
2026-09-13T17:29:37.489449,-0.1612396240234375
2026-09-13T17:29:38.542350,0.2998199462890625
2026-09-13T17:29:39.608318,-0.1497344970703125
2026-09-13T17:29:40.684605,0.1174163818359375
2026-09-13T17:29:41.746445,0.15875244140625
2026-09-13T17:29:42.823795,-0.2742919921875
2026-09-13T17:29:43.864386,0.3491668701171875
2026-09-13T17:29:44.880486,-0.035552978515625
2026-09-13T17:29:45.882596,0.0718841552734375
2026-09-13T17:29:46.884729,0.2983245849609375
2026-09-13T17:29:47.887156,-0.4232025146484375
2026-09-13T17:29:48.904306,0.1229400634765625
2026-09-13T17:29:49.951426,-0.2908935546875
2026-09-13T17:29:51.955947,0.2789764404296875
2026-09-13T17:29:52.975093,0.09912109375
2026-09-13T17:29:55.008107,0.0767059326171875
2026-09-13T17:29:56.110722,0.2115631103515625
2026-09-13T17:29:57.163426,-0.2423095703125
2026-09-13T17:29:58.216370,0.058349609375
2026-09-13T17:29:59.271587,0.1969146728515625
2026-09-13T17:30:00.342989,-0.3460235595703125
2026-09-13T17:30:01.419798,0.2066650390625
2026-09-13T17:30:02.495343,-0.0254669189453125
2026-09-13T17:30:03.564111,-0.026947021484375
2026-09-13T17:30:04.635405,0.094757080078125
2026-09-13T17:30:05.687710,-0.2964324951171875
2026-09-13T17:30:06.693561,0.0599365234375
2026-09-13T17:30:07.755132,-0.065460205078125
2026-09-13T17:30:08.807220,-0.0940093994140625
2026-09-13T17:30:09.809679,0.120513916015625
2026-09-13T17:30:10.898485,-0.3231353759765625
2026-09-13T17:30:11.920430,0.32379150390625
2026-09-13T17:30:12.922427,0.300506591796875
2026-09-13T17:30:13.976155,-0.4177703857421875
2026-09-13T17:30:14.978542,0.029083251953125
2026-09-13T17:30:15.980940,-0.3173370361328125
2026-09-13T17:30:18.062327,-0.12896728515625
2026-09-13T17:30:19.115160,-0.0908050537109375
2026-09-13T17:30:20.167590,0.266998291015625
2026-09-13T17:30:21.220380,-0.358978271484375
2026-09-13T17:30:22.272418,0.428375244140625
2026-09-13T17:30:23.325289,-0.1645050048828125
2026-09-13T17:30:24.377544,0.140594482421875
2026-09-13T17:30:25.472333,0.03790283203125
2026-09-13T17:30:26.565385,-0.301971435546875
2026-09-13T17:30:27.618620,0.4580535888671875
2026-09-13T17:30:28.662073,-0.15802001953125
2026-09-13T17:30:29.715289,0.0052337646484375
2026-09-13T17:30:30.768099,0.3319854736328125
2026-09-13T17:30:31.789012,-0.3385467529296875
2026-09-13T17:30:32.841590,0.30133056640625
2026-09-13T17:30:33.939514,0.0238037109375
2026-09-13T17:30:34.941413,-0.302947998046875
2026-09-13T17:30:35.968103,-0.2299041748046875
2026-09-13T17:30:38.032095,0.098876953125
2026-09-13T17:30:39.053806,-0.2892303466796875
2026-09-13T17:30:40.069883,0.3869476318359375
2026-09-13T17:30:42.175043,-0.036773681640625
2026-09-13T17:30:43.227413,0.1461029052734375
2026-09-13T17:30:44.280002,-0.41986083984375
2026-09-13T17:30:45.332585,0.1819000244140625
2026-09-13T17:30:46.418250,0.023590087890625
2026-09-13T17:30:48.570269,-0.195892333984375
2026-09-13T17:30:49.643028,0.49896240234375
2026-09-13T17:30:50.665500,-0.283416748046875
2026-09-13T17:30:51.717533,-0.1178741455078125
2026-09-13T17:30:52.769558,0.248992919921875
2026-09-13T17:30:53.822573,-0.32366943359375
2026-09-13T17:30:54.830277,0.3465576171875
2026-09-13T17:30:55.872431,-0.3157806396484375
2026-09-13T17:30:56.874833,-0.0475006103515625
2026-09-13T17:30:57.900297,0.2295074462890625
2026-09-13T17:30:58.971465,0.0590057373046875
2026-09-13T17:31:00.023781,-0.3932037353515625
2026-09-13T17:31:01.073001,0.199005126953125
2026-09-13T17:31:02.175378,-0.157928466796875
2026-09-13T17:31:03.227461,0.3650970458984375
2026-09-13T17:31:04.280022,-0.0917816162109375
2026-09-13T17:31:05.339580,0.129669189453125
2026-09-13T17:31:06.418726,0.09442138671875
2026-09-13T17:31:07.471387,-0.1272735595703125
2026-09-13T17:31:08.539319,0.127227783203125
2026-09-13T17:31:09.611599,-0.1751251220703125
2026-09-13T17:31:10.664528,0.1317291259765625
2026-09-13T17:31:11.755319,-0.1280517578125
2026-09-13T17:31:12.785158,0.06475830078125
2026-09-13T17:31:13.837549,-0.158416748046875
2026-09-13T17:31:14.839706,0.1701202392578125
2026-09-13T17:31:15.887505,-0.2161102294921875
2026-09-13T17:31:16.890018,0.218048095703125
2026-09-13T17:31:17.892414,-0.4817962646484375
2026-09-13T17:31:18.994582,0.2220611572265625
2026-09-13T17:31:20.018562,-0.2764739990234375
2026-09-13T17:31:21.039581,0.2636871337890625
2026-09-13T17:31:22.062121,0.116455078125
2026-09-13T17:31:23.134471,-0.0696868896484375
2026-09-13T17:31:24.158360,-0.0144500732421875
2026-09-13T17:31:25.210851,0.018768310546875
2026-09-13T17:31:26.282061,0.10284423828125
2026-09-13T17:31:27.335016,-0.0200958251953125
2026-09-13T17:31:28.387406,0.0968780517578125
2026-09-13T17:31:29.439486,-0.0301055908203125
2026-09-13T17:31:30.492361,0.1832275390625
2026-09-13T17:31:31.579076,-0.1998138427734375
2026-09-13T17:31:32.650729,0.29376220703125
2026-09-13T17:31:33.741187,-0.1455230712890625
2026-09-13T17:31:34.758067,0.165313720703125
2026-09-13T17:31:35.779691,-0.0025177001953125
2026-09-13T17:31:36.882799,0.11279296875
2026-09-13T17:31:37.885638,0.3223724365234375
2026-09-13T17:31:38.988676,-0.2841644287109375
2026-09-13T17:31:39.990099,0.275115966796875
2026-09-13T17:31:41.005578,-0.107757568359375
2026-09-13T17:31:42.057568,0.0676422119140625
2026-09-13T17:31:44.081372,-0.301910400390625
2026-09-13T17:31:45.084213,-0.1208953857421875
2026-09-13T17:31:46.129789,0.2492828369140625
2026-09-13T17:31:48.134288,0.1519622802734375
2026-09-13T17:31:49.137094,0.4937286376953125
2026-09-13T17:31:50.190367,-0.3003692626953125
2026-09-13T17:31:51.246610,0.312103271484375
2026-09-13T17:31:52.319222,0.0977325439453125
2026-09-13T17:31:53.389642,-0.4980010986328125
2026-09-13T17:31:54.462934,0.363494873046875
2026-09-13T17:31:55.516628,0.071014404296875
2026-09-13T17:31:56.533831,-0.0687103271484375
2026-09-13T17:31:57.587971,0.3004913330078125
2026-09-13T17:31:58.642043,-0.4118499755859375
2026-09-13T17:31:59.696061,0.0873260498046875
2026-09-13T17:32:00.787815,-0.0400390625
2026-09-13T17:32:01.798099,-0.22552490234375
2026-09-13T17:32:02.900772,0.362274169921875
2026-09-13T17:32:03.948067,0.0021514892578125
2026-09-13T17:32:04.950620,-0.1277618408203125
2026-09-13T17:32:05.984553,-0.06390380859375
2026-09-13T17:32:08.073342,0.3666839599609375
2026-09-13T17:32:09.126378,-0.2188873291015625
2026-09-13T17:32:10.179366,-0.1805267333984375
2026-09-13T17:32:11.232637,0.2519378662109375
2026-09-13T17:32:12.286375,-0.272979736328125
2026-09-13T17:32:13.358437,0.006134033203125
2026-09-13T17:32:14.437440,0.1607666015625
2026-09-13T17:32:15.489775,-0.4208526611328125
2026-09-13T17:32:16.582152,0.1626434326171875
2026-09-13T17:32:17.653011,0.2328338623046875
2026-09-13T17:32:18.680805,-0.499908447265625
2026-09-13T17:32:19.748564,0.2149658203125
2026-09-13T17:32:20.800727,0.195037841796875
2026-09-13T17:32:21.853695,-0.1551666259765625
2026-09-13T17:32:22.906792,-0.2407989501953125
2026-09-13T17:32:23.916204,0.3100433349609375
2026-09-13T17:32:24.930210,0.30450439453125
2026-09-13T17:32:25.982564,-0.125518798828125
2026-09-13T17:32:26.985423,-0.424652099609375
2026-09-13T17:32:27.988706,0.2093658447265625
2026-09-13T17:32:28.991644,0.23468017578125
2026-09-13T17:32:30.137654,0.1358184814453125
2026-09-13T17:32:31.190554,0.33612060546875
2026-09-13T17:32:32.254650,-0.0911865234375
2026-09-13T17:32:33.363132,0.02227783203125
2026-09-13T17:32:34.415320,0.4404754638671875
2026-09-13T17:32:35.475101,-0.1244659423828125
2026-09-13T17:32:36.527403,-0.157745361328125
2026-09-13T17:32:37.620501,0.5135650634765625
2026-09-13T17:32:38.699117,0.115997314453125
2026-09-13T17:32:39.769728,-0.47491455078125
2026-09-13T17:32:40.807044,0.07708740234375
2026-09-13T17:32:41.858889,0.22967529296875
2026-09-13T17:32:42.915415,-0.303802490234375
2026-09-13T17:32:43.917965,-0.166168212890625
2026-09-13T17:32:44.925425,0.5625762939453125
2026-09-13T17:32:45.978019,-0.0835418701171875
2026-09-13T17:32:47.031279,-0.3372344970703125
2026-09-13T17:32:48.077989,0.1573486328125
2026-09-13T17:32:50.208985,0.4554290771484375
2026-09-13T17:32:51.301689,0.0971221923828125
2026-09-13T17:32:52.305444,-0.2336578369140625
2026-09-13T17:32:53.359509,-0.11053466796875
2026-09-13T17:32:54.412627,0.4470672607421875
2026-09-13T17:32:55.475342,0.0342864990234375
2026-09-13T17:32:56.527791,-0.1048431396484375
2026-09-13T17:32:57.595556,0.3119964599609375
2026-09-13T17:32:58.667162,-0.052886962890625
2026-09-13T17:32:59.739336,0.055419921875
2026-09-13T17:33:00.811584,0.218994140625
2026-09-13T17:33:01.889367,-0.17462158203125
2026-09-13T17:33:02.962269,0.1683197021484375
2026-09-13T17:33:04.015383,0.0651092529296875
2026-09-13T17:33:05.023683,0.1803741455078125
2026-09-13T17:33:06.075872,-0.1021270751953125
2026-09-13T17:33:07.128490,0.0769500732421875
2026-09-13T17:33:08.196817,0.1454620361328125
2026-09-13T17:33:09.275632,-0.200531005859375
2026-09-13T17:33:10.327534,0.25628662109375
2026-09-13T17:33:11.419957,-0.1160888671875
2026-09-13T17:33:12.492488,0.0369110107421875
2026-09-13T17:33:13.494336,0.00762939453125
2026-09-13T17:33:14.546213,-0.152099609375
2026-09-13T17:33:15.624370,0.34649658203125
2026-09-13T17:33:16.677150,-0.2855377197265625
2026-09-13T17:33:17.730291,0.028533935546875
2026-09-13T17:33:18.784047,0.0019683837890625
2026-09-13T17:33:19.827349,0.0450286865234375
2026-09-13T17:33:20.930668,-0.0412445068359375
2026-09-13T17:33:21.979383,-0.024993896484375
2026-09-13T17:33:22.999449,-0.0865325927734375
2026-09-13T17:33:24.020365,-0.01483154296875
2026-09-13T17:33:25.039232,-0.0409393310546875
2026-09-13T17:33:26.091643,0.045196533203125
2026-09-13T17:33:27.144224,-0.3117828369140625
2026-09-13T17:33:28.196405,0.2265777587890625
2026-09-13T17:33:29.249464,-0.35821533203125
2026-09-13T17:33:30.302643,0.075347900390625
2026-09-13T17:33:31.390276,-0.213134765625
2026-09-13T17:33:32.466390,0.04052734375
2026-09-13T17:33:34.582007,-0.03436279296875
2026-09-13T17:33:35.584613,0.1347808837890625
2026-09-13T17:33:36.646240,-0.0694580078125
2026-09-13T17:33:37.699103,0.2361602783203125
2026-09-13T17:33:38.753525,-0.2833251953125
2026-09-13T17:33:39.825119,0.0963134765625
2026-09-13T17:33:40.898648,-0.3315582275390625
2026-09-13T17:33:41.978152,0.028594970703125
2026-09-13T17:33:43.067783,0.065185546875
2026-09-13T17:33:45.197885,-0.0126800537109375
2026-09-13T17:33:46.250266,0.1118927001953125
2026-09-13T17:33:47.254380,-0.358306884765625
2026-09-13T17:33:48.306454,0.106475830078125
2026-09-13T17:33:49.361945,0.273529052734375
2026-09-13T17:33:50.413731,-0.4205780029296875
2026-09-13T17:33:51.505297,0.1794586181640625
2026-09-13T17:33:52.583790,0.2385101318359375
2026-09-13T17:33:53.655405,-0.3390350341796875
2026-09-13T17:33:54.729942,0.2688140869140625
2026-09-13T17:33:55.782457,0.2052154541015625
2026-09-13T17:33:56.834940,-0.2238922119140625
2026-09-13T17:33:57.838442,0.5113983154296875
2026-09-13T17:33:58.840352,-0.1096649169921875
2026-09-13T17:33:59.942198,-0.1094970703125
2026-09-13T17:34:00.991381,0.4052581787109375
2026-09-13T17:34:02.013187,-0.4145355224609375
2026-09-13T17:34:03.037517,-0.13555908203125
2026-09-13T17:34:04.090289,-0.04718017578125
2026-09-13T17:34:05.180237,0.3661041259765625
2026-09-13T17:34:06.233579,-0.3096160888671875
2026-09-13T17:34:07.328962,0.2209014892578125
2026-09-13T17:34:08.363441,0.0239410400390625
2026-09-13T17:34:09.416506,-0.2434234619140625
2026-09-13T17:34:10.469588,0.3979034423828125
2026-09-13T17:34:11.522338,-0.233367919921875
2026-09-13T17:34:12.574916,-0.0443878173828125
2026-09-13T17:34:13.670724,0.52349853515625
2026-09-13T17:34:14.731282,-0.463714599609375
2026-09-13T17:34:15.812651,0.3301239013671875
2026-09-13T17:34:16.864851,0.1432647705078125
2026-09-13T17:34:17.887654,-0.4776153564453125
2026-09-13T17:34:18.917437,0.256591796875
2026-09-13T17:34:19.932529,-0.0042572021484375
2026-09-13T17:34:20.934735,-0.248504638671875
2026-09-13T17:34:21.937405,0.311492919921875
2026-09-13T17:34:23.039316,-0.18609619140625
2026-09-13T17:34:24.041340,-0.0898284912109375
2026-09-13T17:34:25.177609,0.2183837890625
2026-09-13T17:34:26.230749,-0.3844757080078125
2026-09-13T17:34:27.304957,0.0113372802734375
2026-09-13T17:34:28.375946,0.4756927490234375
2026-09-13T17:34:29.448456,-0.2597198486328125
2026-09-13T17:34:30.483405,-0.3604736328125
2026-09-13T17:34:31.543058,0.423248291015625
2026-09-13T17:34:32.594763,-0.085845947265625
2026-09-13T17:34:34.698810,0.0932159423828125
2026-09-13T17:34:35.782938,-0.433807373046875
2026-09-13T17:34:40.996047,0.33251953125
2026-09-13T17:34:42.049234,-0.2201385498046875
2026-09-13T17:34:44.099321,0.2317657470703125
2026-09-13T17:34:45.102484,-0.3353118896484375
2026-09-13T17:34:46.175443,0.32501220703125
2026-09-13T17:34:47.271550,-0.0967864990234375
2026-09-13T17:34:48.343439,-0.1855926513671875
2026-09-13T17:34:49.415710,0.379150390625
2026-09-13T17:34:50.487518,-0.2772674560546875
2026-09-13T17:34:51.566276,-0.1283111572265625
2026-09-13T17:34:52.588061,0.303924560546875
2026-09-13T17:34:53.640376,-0.3386383056640625
2026-09-13T17:34:54.692573,0.2095184326171875
2026-09-13T17:34:55.777046,0.074676513671875
2026-09-13T17:34:56.829570,-0.5331268310546875
2026-09-13T17:34:57.881676,0.227142333984375
2026-09-13T17:34:58.933725,0.0017852783203125
2026-09-13T17:34:59.975352,-0.2825469970703125
2026-09-13T17:35:00.995478,0.330841064453125
2026-09-13T17:35:01.997959,-0.332366943359375
2026-09-13T17:35:03.045016,-0.0958709716796875
2026-09-13T17:35:04.096975,-0.350921630859375
2026-09-13T17:35:05.180239,0.139129638671875
2026-09-13T17:35:06.232411,0.0872039794921875
2026-09-13T17:35:07.284424,-0.434234619140625
2026-09-13T17:35:08.336512,0.1945648193359375
2026-09-13T17:35:09.388648,-0.046173095703125
2026-09-13T17:35:10.440685,-0.1044921875
2026-09-13T17:35:11.533711,0.426544189453125
2026-09-13T17:35:12.605625,-0.3051300048828125
2026-09-13T17:35:13.676733,0.103485107421875
2026-09-13T17:35:14.717628,0.1548614501953125
2026-09-13T17:35:15.781500,-0.4920806884765625
2026-09-13T17:35:16.833544,0.2781219482421875
2026-09-13T17:35:17.886405,-0.098663330078125
2026-09-13T17:35:18.939232,-0.21881103515625
2026-09-13T17:35:19.941443,0.36865234375
2026-09-13T17:35:20.963261,-0.2399749755859375
2026-09-13T17:35:22.015257,-0.100860595703125
2026-09-13T17:35:23.067927,0.61737060546875
2026-09-13T17:35:24.120359,-0.218658447265625
2026-09-13T17:35:25.128995,0.2398681640625
2026-09-13T17:35:26.131396,-0.3660125732421875
2026-09-13T17:35:27.183909,0.2027740478515625
2026-09-13T17:35:28.250372,0.023162841796875
2026-09-13T17:35:29.351986,-0.0428619384765625
2026-09-13T17:35:30.404541,0.3491363525390625
2026-09-13T17:35:31.472504,-0.2860565185546875
2026-09-13T17:35:32.545738,0.2012176513671875
2026-09-13T17:35:33.645818,0.0549468994140625
2026-09-13T17:35:34.698010,-0.209716796875
2026-09-13T17:35:35.787333,0.4410400390625
2026-09-13T17:35:36.831013,-0.084564208984375
2026-09-13T17:35:37.891301,-0.001434326171875
2026-09-13T17:35:38.943149,0.286651611328125
2026-09-13T17:35:39.945069,-0.2881317138671875
2026-09-13T17:35:41.047433,0.0632476806640625
2026-09-13T17:35:42.099359,-0.1234130859375
2026-09-13T17:35:43.181484,0.1653594970703125
2026-09-13T17:35:44.253486,-0.008087158203125
2026-09-13T17:35:45.337109,-0.151611328125
2026-09-13T17:35:46.389470,0.22601318359375
2026-09-13T17:35:47.477436,0.0809326171875
2026-09-13T17:35:48.479790,-0.3718414306640625
2026-09-13T17:35:49.532377,-0.048004150390625
2026-09-13T17:35:50.584986,0.20562744140625
2026-09-13T17:35:51.640346,-0.0555267333984375
2026-09-13T17:35:52.692417,0.148223876953125
2026-09-13T17:35:53.782350,-0.2149505615234375
2026-09-13T17:35:54.831475,0.12542724609375
2026-09-13T17:35:55.883707,0.2882080078125
2026-09-13T17:35:56.935803,-0.27142333984375
2026-09-13T17:35:57.987649,-0.10345458984375
2026-09-13T17:35:59.053608,-0.1400299072265625
2026-09-13T17:36:00.105750,-0.540496826171875
2026-09-13T17:36:01.188578,0.2904510498046875
2026-09-13T17:36:02.240906,-0.1685333251953125
2026-09-13T17:36:03.299774,0.0957794189453125
2026-09-13T17:36:04.372642,0.283538818359375
2026-09-13T17:36:05.430383,-0.2595672607421875
2026-09-13T17:36:06.497438,0.1173553466796875
2026-09-13T17:36:07.594108,0.252166748046875
2026-09-13T17:36:08.666221,-0.3413848876953125
2026-09-13T17:36:09.694879,0.1375732421875
2026-09-13T17:36:10.747476,0.2825164794921875
2026-09-13T17:36:11.799536,-0.217071533203125
2026-09-13T17:36:12.851401,0.03338623046875
2026-09-13T17:36:13.903365,0.1097412109375
2026-09-13T17:36:14.910559,-0.3612518310546875
2026-09-13T17:36:15.962881,0.163238525390625
2026-09-13T17:36:17.065364,-0.079345703125
2026-09-13T17:36:23.329667,-0.3491973876953125
2026-09-13T17:36:25.385588,0.117706298828125
2026-09-13T17:36:26.388618,0.3246002197265625
2026-09-13T17:36:27.391917,0.0804901123046875
2026-09-13T17:36:28.443652,0.17364501953125
2026-09-13T17:36:29.496501,-0.4949493408203125
2026-09-13T17:36:30.549285,0.2731781005859375
2026-09-13T17:36:31.566017,-0.4969482421875
2026-09-13T17:36:32.619212,0.17279052734375
2026-09-13T17:36:33.671438,-0.67352294921875
2026-09-13T17:36:34.723127,0.3799285888671875
2026-09-13T17:36:35.775368,0.1845703125
2026-09-13T17:36:43.089255,-0.034423828125
2026-09-13T17:36:45.217478,-0.2746429443359375
2026-09-13T17:36:46.269537,0.27630615234375
2026-09-13T17:36:47.322868,-0.20648193359375
2026-09-13T17:36:48.375892,-0.1464691162109375
2026-09-13T17:36:49.428348,0.2278289794921875
2026-09-13T17:36:50.480940,-0.198150634765625
2026-09-13T17:36:51.533737,-0.26043701171875
2026-09-13T17:36:52.602747,0.261566162109375
2026-09-13T17:36:53.623966,-0.2368621826171875
2026-09-13T17:36:54.680893,-0.28155517578125
2026-09-13T17:36:55.733451,0.22918701171875
2026-09-13T17:36:56.808218,-0.2167816162109375
2026-09-13T17:36:57.861384,-0.310577392578125
2026-09-13T17:36:58.863347,0.5943145751953125
2026-09-13T17:36:59.915382,-0.2567291259765625
2026-09-13T17:37:01.011794,-0.35614013671875
2026-09-13T17:37:02.035078,0.3848724365234375
2026-09-13T17:37:03.037208,-0.1824188232421875
2026-09-13T17:37:04.082393,-0.0966033935546875
2026-09-13T17:37:05.138021,0.0394134521484375
2026-09-13T17:37:06.228876,-0.0062255859375
2026-09-13T17:37:08.233221,0.4213714599609375
2026-09-13T17:37:09.234901,-0.184051513671875
2026-09-13T17:37:10.286920,0.241485595703125
2026-09-13T17:37:11.348073,-0.26397705078125
2026-09-13T17:37:12.422024,0.1278228759765625
2026-09-13T17:37:13.491856,0.2853851318359375
2026-09-13T17:37:14.580670,-0.1168060302734375
2026-09-13T17:37:15.582668,-0.1785125732421875
2026-09-13T17:37:16.683573,-0.003753662109375
2026-09-13T17:37:17.736590,-0.2442474365234375
2026-09-13T17:37:18.789687,0.0128936767578125
2026-09-13T17:37:19.842810,0.01995849609375
2026-09-13T17:37:20.894685,-0.2833251953125
2026-09-13T17:37:21.903351,0.2808990478515625
2026-09-13T17:37:23.006642,0.0381927490234375
2026-09-13T17:37:24.050712,-0.41217041015625
2026-09-13T17:37:25.053058,0.122528076171875
2026-09-13T17:37:26.056574,-0.3314208984375
2026-09-13T17:37:27.118320,-0.0727386474609375
2026-09-13T17:37:29.123945,0.2890625
2026-09-13T17:37:30.126674,-0.125579833984375
2026-09-13T17:37:32.270108,-0.0615997314453125
2026-09-13T17:37:33.321764,-0.1278533935546875
2026-09-13T17:37:34.388054,0.2868499755859375
2026-09-13T17:37:35.453162,-0.2882232666015625
2026-09-13T17:37:37.548629,-0.0377044677734375
2026-09-13T17:37:38.627860,-0.3237762451171875
2026-09-13T17:37:39.680467,0.1417999267578125
2026-09-13T17:37:40.734056,-0.0324859619140625
2026-09-13T17:37:41.785685,-0.160675048828125
2026-09-13T17:37:42.837890,0.497833251953125
2026-09-13T17:37:43.858307,-0.3800201416015625
2026-09-13T17:37:44.940260,-0.0254669189453125
2026-09-13T17:37:46.048307,0.1932220458984375
2026-09-13T17:37:47.057491,-0.3619232177734375
2026-09-13T17:37:48.111845,0.3384246826171875
2026-09-13T17:37:49.113489,-0.227203369140625
2026-09-13T17:37:50.115389,0.3002777099609375
2026-09-13T17:37:52.119336,-0.4816741943359375
2026-09-13T17:37:53.128079,-0.017578125
2026-09-13T17:37:55.259702,0.41729736328125
2026-09-13T17:37:56.315258,-0.4865570068359375
2026-09-13T17:38:00.476491,0.303741455078125
2026-09-13T17:38:01.565790,-0.2126922607421875
2026-09-13T17:38:02.644350,-0.141845703125
2026-09-13T17:38:03.715556,0.39447021484375
2026-09-13T17:38:04.822754,-0.204864501953125
2026-09-13T17:38:05.867916,0.0886993408203125
2026-09-13T17:38:06.970668,0.11590576171875
2026-09-13T17:38:07.979496,-0.15924072265625
2026-09-13T17:38:09.000660,0.1378021240234375
2026-09-13T17:38:10.052831,-0.2099609375
2026-09-13T17:38:11.088738,-0.10546875
2026-09-13T17:38:12.141163,0.09918212890625
2026-09-13T17:38:13.143362,0.083526611328125
2026-09-13T17:38:15.246872,0.128875732421875
2026-09-13T17:38:16.298758,0.0825347900390625
2026-09-13T17:38:41.508720,0.5068511962890625
2026-09-13T17:38:42.580249,0.4403533935546875
2026-09-13T17:38:43.633100,0.0469970703125
2026-09-13T17:38:44.635533,0.0217132568359375
2026-09-13T17:38:45.687796,-0.1234283447265625
2026-09-13T17:38:46.740168,0.1085968017578125
2026-09-13T17:38:47.795563,0.00927734375
2026-09-13T17:38:48.868994,0.1415252685546875
2026-09-13T17:38:49.896213,0.028167724609375
2026-09-13T17:38:50.988517,0.189178466796875
2026-09-13T17:38:52.009746,0.2561798095703125
2026-09-13T17:38:53.012275,0.0879058837890625
2026-09-13T17:38:54.061359,-0.04925537109375
2026-09-13T17:38:55.116882,0.138397216796875
2026-09-13T17:38:56.171626,0.0935211181640625
2026-09-13T17:38:58.176356,0.0677490234375
2026-09-13T17:38:59.178472,0.1492462158203125
2026-09-13T17:39:00.248420,0.1288604736328125
2026-09-13T17:39:01.325697,0.063812255859375
2026-09-13T17:39:07.632673,0.00262451171875
2026-09-13T17:39:08.685347,0.018035888671875
2026-09-13T17:39:09.763990,-0.073699951171875
2026-09-13T17:39:10.816350,-0.1293792724609375
2026-09-13T17:39:11.908421,-0.15655517578125
2026-09-13T17:39:12.986861,-0.12677001953125
2026-09-13T17:39:14.027210,-0.075286865234375
2026-09-13T17:39:15.030777,-0.02392578125
2026-09-13T17:39:16.083092,-0.1114654541015625
2026-09-13T17:39:17.085025,-0.19696044921875
2026-09-13T17:39:18.137110,-0.0339508056640625
2026-09-13T17:39:19.144123,0.1177520751953125
2026-09-13T17:39:21.194957,0.08135986328125
2026-09-13T17:39:22.214934,0.0598907470703125
2026-09-13T17:39:23.287350,0.26708984375
2026-09-13T17:39:24.365826,0.2108917236328125
2026-09-13T17:39:25.423993,0.0959625244140625
2026-09-13T17:39:26.476486,0.26751708984375
2026-09-13T17:39:27.478677,0.426513671875
2026-09-13T17:39:28.531192,0.3685150146484375
2026-09-13T17:39:29.583479,0.086517333984375
2026-09-13T17:39:30.636207,0.191802978515625
2026-09-13T17:39:31.725945,0.0858306884765625
2026-09-13T17:39:32.804073,0.1267852783203125
2026-09-13T17:39:33.875540,0.11083984375
2026-09-13T17:39:34.897284,0.0116119384765625
2026-09-13T17:39:35.949427,0.136566162109375
2026-09-13T17:39:37.051971,0.3820343017578125
2026-09-13T17:39:38.054475,0.2225341796875
2026-09-13T17:39:39.149734,0.29510498046875
2026-09-13T17:39:41.167941,0.0520782470703125
2026-09-13T17:39:42.186715,0.2621002197265625
2026-09-13T17:39:44.233344,0.077789306640625
2026-09-13T17:39:45.270144,0.133880615234375
2026-09-13T17:39:46.325307,-0.0403900146484375
2026-09-13T17:39:47.378080,0.049285888671875
2026-09-13T17:39:48.477444,0.236968994140625
2026-09-13T17:39:49.499381,0.034942626953125
2026-09-13T17:39:50.551464,0.1305084228515625
2026-09-13T17:39:51.603539,0.2508544921875
2026-09-13T17:39:52.655612,0.28955078125
2026-09-13T17:39:53.708186,0.0915374755859375
2026-09-13T17:39:54.765527,0.2613372802734375
2026-09-13T17:39:55.844914,0.17608642578125
2026-09-13T17:39:56.897867,0.1752471923828125
2026-09-13T17:39:57.957422,0.3493194580078125
2026-09-13T17:39:59.060274,0.3759613037109375
2026-09-13T17:40:00.111759,0.2404632568359375
2026-09-13T17:40:01.166373,0.296875
2026-09-13T17:40:02.218311,0.2193756103515625
2026-09-13T17:40:04.222520,0.265411376953125
2026-09-13T17:40:05.248231,0.26422119140625
2026-09-13T17:40:06.300462,0.3212432861328125
2026-09-13T17:40:07.373975,0.2904205322265625
2026-09-13T17:40:08.445113,0.2173309326171875
2026-09-13T17:40:09.516402,0.253692626953125
2026-09-13T17:40:10.589512,0.0366973876953125
2026-09-13T17:40:11.626470,-0.018524169921875
2026-09-13T17:40:12.678569,-0.02880859375
2026-09-13T17:40:13.731378,-0.1015625
2026-09-13T17:40:14.825788,-0.2013702392578125
2026-09-13T17:40:15.887762,-0.007293701171875
2026-09-13T17:40:16.940428,0.1190032958984375
2026-09-13T17:40:17.942705,0.1232452392578125
2026-09-13T17:40:19.044931,0.0479736328125
2026-09-13T17:40:20.077363,-0.0445098876953125
2026-09-13T17:40:21.098413,-0.0269622802734375
2026-09-13T17:40:22.119961,0.03887939453125
2026-09-13T17:40:23.143137,0.046173095703125
2026-09-13T17:40:24.227419,-0.02301025390625
2026-09-13T17:40:25.281319,0.0348358154296875
2026-09-13T17:40:26.334046,-0.050567626953125
2026-09-13T17:40:27.395733,0.005157470703125
2026-09-13T17:40:28.448541,-0.0999603271484375
2026-09-13T17:40:29.501598,-0.062774658203125
2026-09-13T17:40:30.557431,-0.1072540283203125
2026-09-13T17:40:31.655387,0.2697296142578125
2026-09-13T17:40:32.708113,0.263427734375
2026-09-13T17:40:33.729819,0.410430908203125
2026-09-13T17:40:34.803316,0.240997314453125
2026-09-13T17:40:35.856138,0.2457427978515625
2026-09-13T17:40:36.908954,-0.19830322265625
2026-09-13T17:40:37.961080,-0.289764404296875
2026-09-13T17:40:39.059747,-0.3905792236328125
2026-09-13T17:40:40.061804,-0.3530731201171875
2026-09-13T17:40:41.069443,-0.415374755859375
2026-09-13T17:40:42.121648,-0.26824951171875
2026-09-13T17:40:43.215540,-0.1778717041015625
2026-09-13T17:40:44.238045,-0.1696624755859375
2026-09-13T17:40:45.254384,-0.138275146484375
2026-09-13T17:40:46.307863,-0.1651763916015625
2026-09-13T17:40:47.361938,-0.04205322265625
2026-09-13T17:40:48.416244,-0.012603759765625
2026-09-13T17:40:49.469689,0.03204345703125
2026-09-13T17:40:50.561902,0.033935546875
2026-09-13T17:40:51.614579,0.11474609375
2026-09-13T17:40:52.709177,0.21478271484375
2026-09-13T17:40:53.762272,0.233184814453125
2026-09-13T17:40:54.817533,0.3456878662109375
2026-09-13T17:40:55.819802,0.276824951171875
2026-09-13T17:40:56.872823,0.2514495849609375
2026-09-13T17:40:57.925229,0.2755889892578125
2026-09-13T17:40:58.971612,0.21563720703125
2026-09-13T17:41:00.023577,0.124603271484375
2026-09-13T17:41:01.033147,0.095733642578125
2026-09-13T17:41:02.035060,0.0078125
2026-09-13T17:41:03.083405,-0.0098114013671875
2026-09-13T17:41:04.105580,0.16082763671875
2026-09-13T17:41:05.108778,0.0715484619140625
2026-09-13T17:41:07.324672,0.262847900390625
2026-09-13T17:41:08.376549,0.20361328125
2026-09-13T17:41:09.428514,0.0400543212890625
2026-09-13T17:41:10.480647,-0.110748291015625
2026-09-13T17:41:11.576968,-0.0147705078125
2026-09-13T17:41:12.643500,-0.0383148193359375
2026-09-13T17:41:13.722534,0.0014495849609375
2026-09-13T17:41:14.774863,-0.1230316162109375
2026-09-13T17:41:15.856604,-0.0440521240234375
2026-09-13T17:41:16.909201,-0.0712890625
2026-09-13T17:41:17.911747,-0.02728271484375
2026-09-13T17:41:18.963950,-0.0067901611328125
2026-09-13T17:41:19.979793,-0.0326080322265625
2026-09-13T17:41:21.032183,0.0924835205078125
2026-09-13T17:41:22.130538,0.109619140625
2026-09-13T17:41:23.151926,-0.0958404541015625
2026-09-13T17:41:24.173299,0.1025543212890625
2026-09-13T17:41:25.271422,-0.007843017578125
2026-09-13T17:41:26.372524,0.06640625
2026-09-13T17:41:27.425571,0.206207275390625
2026-09-13T17:41:28.478361,0.2132415771484375
2026-09-13T17:41:29.531331,0.384033203125
2026-09-13T17:41:30.583421,0.2675018310546875
2026-09-13T17:41:31.638625,0.226287841796875
2026-09-13T17:41:32.690635,0.375213623046875
2026-09-13T17:41:33.742490,0.021392822265625
2026-09-13T17:41:34.818815,0.0564422607421875
2026-09-13T17:41:35.871167,0.0228271484375
2026-09-13T17:41:37.976568,-0.010528564453125
2026-09-13T17:41:42.142389,0.02459716796875
2026-09-13T17:41:43.220369,-0.10784912109375
2026-09-13T17:41:44.292054,-0.0906524658203125
2026-09-13T17:41:45.344416,0.0991668701171875
2026-09-13T17:41:46.433554,-0.01953125
2026-09-13T17:41:51.658523,0.255035400390625
2026-09-13T17:41:52.737251,0.0633697509765625
2026-09-13T17:41:53.808604,-0.1865692138671875
2026-09-13T17:41:54.881361,-0.090545654296875
2026-09-13T17:41:55.933513,-0.011444091796875
2026-09-13T17:41:56.986515,-0.379730224609375
2026-09-13T17:41:58.039001,-0.011077880859375
2026-09-13T17:41:59.040903,0.062652587890625
2026-09-13T17:42:00.042593,0.334930419921875
2026-09-13T17:42:01.044952,0.245269775390625
2026-09-13T17:42:02.051466,0.169830322265625
2026-09-13T17:42:06.307971,-0.430511474609375
2026-09-13T17:42:07.361098,0.4035491943359375
2026-09-13T17:42:08.414175,-0.1121826171875
2026-09-13T17:42:09.482411,0.1810302734375
2026-09-13T17:42:10.535381,0.02239990234375
2026-09-13T17:42:11.626646,0.0029296875
2026-09-13T17:42:12.661074,-0.0340576171875
2026-09-13T17:42:13.714041,-0.024871826171875
2026-09-13T17:42:14.767431,-0.027099609375
2026-09-13T17:42:15.819820,-0.184783935546875
2026-09-13T17:42:16.872064,-0.051849365234375
2026-09-13T17:42:17.924063,-0.09808349609375
2026-09-13T17:42:18.990749,-0.1402130126953125
2026-09-13T17:42:20.070675,-0.179962158203125
2026-09-13T17:42:21.115896,0.0081787109375
2026-09-13T17:42:22.133924,-0.08721923828125
2026-09-13T17:42:23.155830,0.0572967529296875
2026-09-13T17:42:24.179850,-0.0403594970703125
2026-09-13T17:42:25.232049,-0.096832275390625
2026-09-13T17:42:26.283901,0.0706939697265625
2026-09-13T17:42:27.335987,0.1476287841796875
2026-09-13T17:42:28.387785,0.2555084228515625
2026-09-13T17:42:29.449941,-0.0474395751953125
2026-09-13T17:42:30.501636,-0.228057861328125
2026-09-13T17:42:31.593692,-0.2273406982421875
2026-09-13T17:42:32.671950,-0.1865997314453125
2026-09-13T17:42:33.744346,-0.1230316162109375
2026-09-13T17:42:34.770469,-0.157684326171875
2026-09-13T17:42:35.822915,0.03472900390625
2026-09-13T17:42:36.889150,0.02685546875
2026-09-13T17:42:37.942274,0.04345703125
2026-09-13T17:42:38.995481,0.068115234375
2026-09-13T17:42:40.048455,0.188751220703125
2026-09-13T17:42:41.084488,0.193450927734375
2026-09-13T17:42:42.087232,0.2920379638671875
2026-09-13T17:42:43.139791,0.1785888671875
2026-09-13T17:42:45.283906,0.130645751953125
2026-09-13T17:42:46.297216,0.006591796875
2026-09-13T17:42:48.302768,-0.0507659912109375
2026-09-13T17:42:49.305517,-0.0746307373046875
2026-09-13T17:42:50.358445,-0.101348876953125
2026-09-13T17:42:51.419383,-0.1370086669921875
2026-09-13T17:42:52.490161,-0.264068603515625
2026-09-13T17:42:53.561657,0.1015167236328125
2026-09-13T17:42:54.633491,-0.0621337890625
2026-09-13T17:42:55.685612,0.032928466796875
2026-09-13T17:42:56.690485,0.1849365234375
2026-09-13T17:42:57.754441,-0.0159912109375
2026-09-13T17:42:58.807177,0.2592620849609375
2026-09-13T17:42:59.859480,0.184295654296875
2026-09-13T17:43:00.927401,0.1126251220703125
2026-09-13T17:43:01.996472,0.041839599609375
2026-09-13T17:43:03.098611,0.07489013671875
2026-09-13T17:43:04.151363,-0.0060882568359375
2026-09-13T17:43:05.230262,0.0281524658203125
2026-09-13T17:43:06.283081,-0.1356201171875
2026-09-13T17:43:08.362211,0.0339508056640625
2026-09-13T17:43:09.414556,0.083892822265625
2026-09-13T17:43:10.466843,0.0586395263671875
2026-09-13T17:43:11.519401,0.0657501220703125
2026-09-13T17:43:12.608483,-0.0155181884765625
2026-09-13T17:43:13.679674,0.2288360595703125
2026-09-13T17:43:14.759027,-0.09564208984375
2026-09-13T17:43:15.811263,0.34503173828125
2026-09-13T17:43:16.897613,0.3379974365234375
2026-09-13T17:43:17.974452,0.2788848876953125
2026-09-13T17:43:19.067582,0.164886474609375
2026-09-13T17:43:20.070167,0.1153411865234375
2026-09-13T17:43:21.072341,0.1444549560546875
2026-09-13T17:43:22.073927,0.1055450439453125
2026-09-13T17:43:23.076059,0.233489990234375
2026-09-13T17:43:24.087489,0.0853118896484375
2026-09-13T17:43:25.089420,0.4901123046875
2026-09-13T17:43:26.141727,-0.117645263671875
2026-09-13T17:43:27.143494,-0.165679931640625
2026-09-13T17:43:28.145986,-0.1681365966796875
2026-09-13T17:43:29.248381,-0.0629730224609375
2026-09-13T17:43:30.300540,0.080596923828125
2026-09-13T17:43:31.352659,0.17108154296875
2026-09-13T17:43:32.354838,0.176239013671875
2026-09-13T17:43:33.406851,0.03265380859375
2026-09-13T17:43:34.459162,-0.1024322509765625
2026-09-13T17:43:35.510896,-0.0037841796875
2026-09-13T17:43:36.563269,-0.024566650390625
2026-09-13T17:43:37.641553,-0.0645751953125
2026-09-13T17:43:38.694277,-0.0457611083984375
2026-09-13T17:43:39.791933,0.1148834228515625
2026-09-13T17:43:40.814376,0.3046417236328125
2026-09-13T17:43:41.866502,0.11163330078125
2026-09-13T17:43:42.918816,0.0677032470703125
2026-09-13T17:43:43.971386,0.0767669677734375
2026-09-13T17:43:44.978980,0.312286376953125
2026-09-13T17:43:46.031206,0.1783294677734375
2026-09-13T17:43:47.129627,0.116790771484375
2026-09-13T17:43:48.151412,0.2681121826171875
2026-09-13T17:43:49.176114,0.2437286376953125
2026-09-13T17:43:50.228879,0.09893798828125
2026-09-13T17:43:51.322065,0.1425628662109375
2026-09-13T17:43:52.333365,0.0399627685546875
2026-09-13T17:43:53.386075,-0.1214141845703125
2026-09-13T17:43:54.438337,0.447235107421875
2026-09-13T17:43:55.490427,-0.1401519775390625
2026-09-13T17:43:56.542431,0.03961181640625
2026-09-13T17:43:57.617253,0.12841796875
2026-09-13T17:43:58.691405,-0.0171661376953125
2026-09-13T17:43:59.761463,-0.0962982177734375
2026-09-13T17:44:00.832171,-0.1139984130859375
2026-09-13T17:44:01.912606,-0.055877685546875
2026-09-13T17:44:02.943509,-0.04071044921875
2026-09-13T17:44:03.995822,-0.0103607177734375
2026-09-13T17:44:04.997869,-0.10968017578125
2026-09-13T17:44:06.050714,-0.084625244140625
2026-09-13T17:44:07.102972,0.163299560546875
2026-09-13T17:44:08.118734,0.178619384765625
2026-09-13T17:44:09.120485,0.08367919921875
2026-09-13T17:44:10.198613,0.1378021240234375
2026-09-13T17:44:11.289366,0.0095062255859375
2026-09-13T17:44:12.361581,0.11859130859375
2026-09-13T17:44:13.414388,-0.091583251953125
2026-09-13T17:44:14.416515,0.17578125
2026-09-13T17:44:15.468928,0.0371246337890625
2026-09-13T17:44:16.525952,0.08526611328125
2026-09-13T17:44:17.578498,0.1777191162109375
2026-09-13T17:44:18.656431,0.1584320068359375
2026-09-13T17:44:19.728618,0.0420989990234375
2026-09-13T17:44:20.800344,-0.12567138671875
2026-09-13T17:44:21.879274,0.3023834228515625
2026-09-13T17:44:22.951211,-0.01922607421875
2026-09-13T17:44:23.991612,-0.20111083984375
2026-09-13T17:44:24.994195,-0.115753173828125
2026-09-13T17:44:26.046582,-0.1749420166015625
2026-09-13T17:44:27.099616,-0.1631011962890625
2026-09-13T17:44:28.102366,-0.0742950439453125
2026-09-13T17:44:29.104481,-0.191986083984375
2026-09-13T17:44:30.165971,-0.277374267578125
2026-09-13T17:44:31.257658,-0.09381103515625
2026-09-13T17:44:33.308465,-0.1106414794921875
2026-09-13T17:44:34.310829,-0.0367584228515625
2026-09-13T17:44:35.366650,0.080902099609375
2026-09-13T17:44:36.425603,0.05267333984375
2026-09-13T17:44:37.478301,0.0239410400390625
2026-09-13T17:44:38.530772,-0.00543212890625
2026-09-13T17:44:39.583588,-0.078887939453125
2026-09-13T17:44:40.636043,0.02789306640625
2026-09-13T17:44:41.696067,0.1090240478515625
2026-09-13T17:44:42.767451,0.0602569580078125
2026-09-13T17:44:43.840037,0.1529998779296875
2026-09-13T17:44:44.923408,0.1458587646484375
2026-09-13T17:44:45.970688,0.1515655517578125
2026-09-13T17:44:47.023514,0.087982177734375
2026-09-13T17:44:48.076682,0.1730804443359375
2026-09-13T17:44:49.128935,0.0659027099609375
2026-09-13T17:44:50.181379,-0.0699615478515625
2026-09-13T17:44:51.233553,-0.0926513671875
2026-09-13T17:44:53.275254,0.0690460205078125
2026-09-13T17:44:54.296996,0.093597412109375
2026-09-13T17:44:55.349227,0.303924560546875
2026-09-13T17:44:56.401416,0.3235626220703125
2026-09-13T17:44:57.453568,0.515960693359375
2026-09-13T17:44:58.489508,0.2566986083984375
2026-09-13T17:44:59.541719,0.2721710205078125
2026-09-13T17:45:00.595086,0.2191925048828125
2026-09-13T17:45:01.647463,0.210784912109375
2026-09-13T17:45:02.735734,0.0645294189453125
2026-09-13T17:45:03.808799,-0.045989990234375
2026-09-13T17:45:04.886353,0.038848876953125
2026-09-13T17:45:05.938619,-0.1363983154296875
2026-09-13T17:45:06.991092,-0.0475616455078125
2026-09-13T17:45:08.043572,-0.1901092529296875
2026-09-13T17:45:09.046266,-0.10321044921875
2026-09-13T17:45:10.053257,-0.041015625
2026-09-13T17:45:11.155768,-0.127532958984375
2026-09-13T17:45:12.222104,-0.159088134765625
2026-09-13T17:45:13.279765,0.1536865234375
2026-09-13T17:45:14.282270,0.34228515625
2026-09-13T17:45:15.345923,0.5419158935546875
2026-09-13T17:45:16.417403,-0.0654754638671875
2026-09-13T17:45:17.488384,-0.0818023681640625
2026-09-13T17:45:18.560446,-0.0784912109375
2026-09-13T17:45:19.563073,-0.1470794677734375
2026-09-13T17:45:20.655657,-0.3753509521484375
2026-09-13T17:45:21.708419,-0.3890533447265625
2026-09-13T17:45:22.790556,-0.1114044189453125
2026-09-13T17:45:23.842649,0.0010223388671875
2026-09-13T17:45:24.896037,0.0812835693359375
2026-09-13T17:45:25.948163,0.1784820556640625
2026-09-13T17:45:26.979566,-0.0323333740234375
2026-09-13T17:45:28.082200,-0.24566650390625
2026-09-13T17:45:32.253429,-0.033782958984375
2026-09-13T17:45:33.311982,-0.2899627685546875
2026-09-13T17:45:34.384048,0.0525054931640625
2026-09-13T17:45:35.479944,0.0088958740234375
2026-09-13T17:45:36.532398,0.084136962890625
2026-09-13T17:45:37.605583,0.075531005859375
2026-09-13T17:45:38.678657,0.0225372314453125
2026-09-13T17:45:39.757469,0.3573760986328125
2026-09-13T17:45:40.828305,0.180999755859375
2026-09-13T17:45:41.849728,0.022491455078125
2026-09-13T17:45:42.933904,-0.165008544921875
2026-09-13T17:45:43.986301,0.278533935546875
2026-09-13T17:45:44.991798,0.164215087890625
2026-09-13T17:45:46.044851,0.3280792236328125
2026-09-13T17:45:47.147354,0.0143585205078125
2026-09-13T17:45:48.164485,-0.17413330078125
2026-09-13T17:45:49.186774,0.0712890625
2026-09-13T17:45:50.189568,0.13128662109375
2026-09-13T17:45:51.242595,0.0987701416015625
2026-09-13T17:45:52.295639,-0.0086212158203125
2026-09-13T17:45:53.298415,-0.040008544921875
2026-09-13T17:45:54.351385,-0.052001953125
2026-09-13T17:45:55.403562,-0.177490234375
2026-09-13T17:45:56.491522,0.17938232421875
2026-09-13T17:45:57.543656,0.072052001953125
2026-09-13T17:45:58.637710,0.1382904052734375
2026-09-13T17:45:59.690591,0.2310943603515625
2026-09-13T17:46:00.789814,0.40325927734375
2026-09-13T17:46:01.842820,0.199432373046875
2026-09-13T17:46:02.896132,0.2389068603515625
2026-09-13T17:46:03.898769,0.1402587890625
2026-09-13T17:46:04.951642,-0.017425537109375
2026-09-13T17:46:06.004392,0.14703369140625
2026-09-13T17:46:07.057303,0.0477752685546875
2026-09-13T17:46:08.091338,0.2627410888671875
2026-09-13T17:46:09.143470,0.04705810546875
2026-09-13T17:46:10.178451,-0.3055877685546875
2026-09-13T17:46:11.180363,-0.03369140625
2026-09-13T17:46:12.233465,-0.121124267578125
2026-09-13T17:46:14.338005,-0.10455322265625
2026-09-13T17:46:26.942463,-0.0203704833984375
2026-09-13T17:46:27.995549,-0.0016326904296875
2026-09-13T17:46:29.021804,0.0604705810546875
2026-09-13T17:46:30.075145,-0.0053558349609375
2026-09-13T17:46:31.172841,-0.033905029296875
2026-09-13T17:46:32.275972,0.3518218994140625
2026-09-13T17:46:36.435555,0.081024169921875
2026-09-13T17:46:37.518220,0.0837860107421875
2026-09-13T17:46:38.588680,0.0430908203125
2026-09-13T17:46:39.660046,0.0716705322265625
2026-09-13T17:46:40.712425,-0.12091064453125
2026-09-13T17:46:41.812014,-0.0356597900390625
2026-09-13T17:46:42.866055,-0.0319976806640625
2026-09-13T17:46:43.955774,0.032073974609375
2026-09-13T17:46:45.007606,0.246978759765625
2026-09-13T17:46:46.060002,-0.19866943359375
2026-09-13T17:46:47.146290,0.1365203857421875
2026-09-13T17:46:48.154533,0.144317626953125
2026-09-13T17:46:49.256967,0.2829742431640625
2026-09-13T17:46:50.353109,0.063751220703125
2026-09-13T17:46:51.405075,0.05029296875
2026-09-13T17:46:52.456549,0.114410400390625
2026-09-13T17:46:53.508682,0.1300811767578125
2026-09-13T17:46:54.579999,0.0091400146484375
2026-09-13T17:46:55.653944,0.0119171142578125
2026-09-13T17:46:56.707087,0.0217132568359375
2026-09-13T17:46:57.786557,-0.247650146484375
2026-09-13T17:46:58.815403,-0.0275115966796875
2026-09-13T17:46:59.868492,0.14666748046875
2026-09-13T17:47:00.958668,0.2762451171875
2026-09-13T17:47:02.004505,-0.066009521484375
2026-09-13T17:47:03.106661,0.107086181640625
2026-09-13T17:47:04.108565,0.0720672607421875
2026-09-13T17:47:05.110632,0.035552978515625
2026-09-13T17:47:06.191136,-0.0273895263671875
2026-09-13T17:47:07.243232,0.209442138671875
2026-09-13T17:47:08.244834,-0.050872802734375
2026-09-13T17:47:10.298724,0.045074462890625
2026-09-13T17:47:11.350747,-0.054840087890625
2026-09-13T17:47:12.402728,0.1678619384765625
2026-09-13T17:47:13.459811,0.0160980224609375
2026-09-13T17:47:15.590451,0.1583251953125
2026-09-13T17:47:16.675571,0.0788726806640625
2026-09-13T17:47:17.755272,-0.0437469482421875
2026-09-13T17:47:18.826908,0.0529632568359375
2026-09-13T17:47:19.899274,0.0623779296875
2026-09-13T17:47:20.919133,0.0058746337890625
2026-09-13T17:47:21.970793,-0.0428314208984375
2026-09-13T17:47:23.022543,0.01873779296875
2026-09-13T17:47:24.074320,0.0754547119140625
2026-09-13T17:47:25.081165,0.023468017578125
2026-09-13T17:47:26.133392,0.0087127685546875
2026-09-13T17:47:27.184069,0.120758056640625
2026-09-13T17:47:28.186372,0.0446014404296875
2026-09-13T17:47:29.234081,0.1125030517578125
2026-09-13T17:47:30.236536,0.1215667724609375
2026-09-13T17:47:31.276937,0.04937744140625
2026-09-13T17:47:33.282352,0.0756378173828125
2026-09-13T17:47:34.285358,0.1741790771484375
2026-09-13T17:47:35.287577,0.0712890625
2026-09-13T17:47:36.340345,0.0223541259765625
2026-09-13T17:47:37.420999,-0.1360321044921875
2026-09-13T17:47:38.493098,0.02691650390625
2026-09-13T17:47:39.565271,0.1527862548828125
2026-09-13T17:47:40.644318,-0.13604736328125
2026-09-13T17:47:41.715388,0.14599609375
2026-09-13T17:47:42.746217,0.1436004638671875
2026-09-13T17:47:43.798844,-0.0011138916015625
2026-09-13T17:47:44.851438,0.0295257568359375
2026-09-13T17:47:45.904028,0.02911376953125
2026-09-13T17:47:46.980141,-0.0127410888671875
2026-09-13T17:47:48.032781,0.0505523681640625
2026-09-13T17:47:49.085979,0.0726165771484375
2026-09-13T17:47:50.104576,-0.0243377685546875
2026-09-13T17:47:51.144456,0.0673828125
2026-09-13T17:47:52.146666,0.0662384033203125
2026-09-13T17:47:53.194975,0.090057373046875
2026-09-13T17:47:54.204816,-0.026641845703125
2026-09-13T17:47:55.206921,-0.069580078125
2026-09-13T17:47:56.261945,-0.036956787109375
2026-09-13T17:47:58.267261,-0.09075927734375
2026-09-13T17:47:59.270345,-0.1447296142578125
2026-09-13T17:48:01.282281,0.1011810302734375
2026-09-13T17:48:02.303852,-0.4241180419921875
2026-09-13T17:48:04.436782,-0.0012969970703125
2026-09-13T17:48:05.439048,0.073638916015625
2026-09-13T17:48:06.498305,-0.0675201416015625
2026-09-13T17:48:07.551027,0.059356689453125
2026-09-13T17:48:08.603705,0.1324615478515625
2026-09-13T17:48:09.670335,0.1381378173828125
2026-09-13T17:48:10.723290,0.0645294189453125
2026-09-13T17:48:11.821516,0.1569061279296875
2026-09-13T17:48:12.893467,0.12359619140625
2026-09-13T17:48:13.946565,-0.0619049072265625
2026-09-13T17:48:15.022377,-0.25927734375
2026-09-13T17:48:16.044069,-0.0051422119140625
2026-09-13T17:48:17.146863,-0.234466552734375
2026-09-13T17:48:18.150076,0.103118896484375
2026-09-13T17:48:19.253147,-0.18218994140625
2026-09-13T17:48:20.256142,-0.4435272216796875
2026-09-13T17:48:21.258779,-0.3014068603515625
2026-09-13T17:48:22.272362,0.0060272216796875
2026-09-13T17:48:24.323917,-0.095489501953125
2026-09-13T17:48:25.374343,0.0844573974609375
2026-09-13T17:48:26.439689,0.0525970458984375
2026-09-13T17:48:28.495470,-0.0187835693359375
2026-09-13T17:48:29.548692,0.0073699951171875
2026-09-13T17:48:30.601753,-0.2727813720703125
2026-09-13T17:48:31.655022,-0.0215301513671875
2026-09-13T17:48:32.709868,0.282806396484375
2026-09-13T17:48:33.781743,0.4376373291015625
2026-09-13T17:48:34.861472,0.43157958984375
2026-09-13T17:48:35.914939,-0.00384521484375
2026-09-13T17:48:36.968215,0.0965576171875
2026-09-13T17:48:37.970853,0.007598876953125
2026-09-13T17:48:39.025059,0.1170806884765625
2026-09-13T17:48:40.079442,0.0895233154296875
2026-09-13T17:48:41.117876,0.1430511474609375
2026-09-13T17:48:42.141363,0.1936798095703125
2026-09-13T17:48:43.144300,0.122802734375
2026-09-13T17:48:44.191382,0.1535797119140625
2026-09-13T17:48:45.194177,0.1531524658203125
2026-09-13T17:48:46.247237,0.1471405029296875
2026-09-13T17:48:47.250388,0.13580322265625
2026-09-13T17:48:48.304862,0.1037750244140625
2026-09-13T17:48:49.308815,0.0421142578125
2026-09-13T17:48:50.363325,0.0731353759765625
2026-09-13T17:48:51.474712,0.0934295654296875
2026-09-13T17:48:52.527855,0.109161376953125
2026-09-13T17:48:53.580964,-0.00640869140625
2026-09-13T17:48:54.683501,0.05450439453125
2026-09-13T17:48:55.735905,-0.0025787353515625
2026-09-13T17:48:56.834352,-0.006683349609375
2026-09-13T17:48:57.894364,0.0643463134765625
2026-09-13T17:48:58.972428,-0.061248779296875
2026-09-13T17:48:59.974497,0.205780029296875
2026-09-13T17:49:01.027182,0.11737060546875
2026-09-13T17:49:02.034625,0.16925048828125
2026-09-13T17:49:03.136455,0.135711669921875
2026-09-13T17:49:04.157658,-0.0201263427734375
2026-09-13T17:49:05.159751,0.139404296875
2026-09-20T17:46:31.910257,-0.9896392822265625
2026-09-20T17:46:34.014319,-0.9890899658203125
2026-09-20T17:46:35.102648,-0.9907379150390625
2026-09-20T17:46:36.154631,-0.9898681640625
2026-09-20T17:46:37.206761,-0.989288330078125
2026-09-20T17:46:38.253488,-0.9889068603515625
2026-09-20T17:46:39.305638,-0.9899139404296875
2026-09-20T17:46:40.357767,-0.9892730712890625
2026-09-20T17:46:41.409862,-0.9913787841796875
2026-09-20T17:46:42.489082,-0.9899749755859375
2026-09-20T17:46:43.584593,-0.990203857421875
2026-09-20T17:46:44.685158,-0.989166259765625
2026-09-20T17:46:45.754104,-0.9900665283203125
2026-09-20T17:46:46.856258,-0.9893035888671875
2026-09-20T17:46:47.878650,-0.99066162109375
2026-09-20T17:46:48.893690,-0.98974609375
2026-09-20T17:46:49.895879,-0.99041748046875
2026-09-20T17:46:50.948004,-0.9908294677734375
2026-09-20T17:46:52.000196,-0.9903411865234375
2026-09-20T17:46:53.002673,-0.990875244140625
2026-09-20T17:46:54.058655,-0.9894256591796875
2026-09-20T17:46:55.110596,-0.9888916015625
2026-09-20T17:46:56.162766,-0.9906158447265625
2026-09-20T17:46:57.214978,-0.9902801513671875
2026-09-20T17:46:58.296985,-0.9893341064453125
2026-09-20T17:46:59.349216,-0.99029541015625
2026-09-20T17:47:00.351276,-0.9908294677734375
2026-09-20T17:47:01.403403,-0.988494873046875
2026-09-20T17:47:02.455919,-0.9903411865234375
2026-09-20T17:47:03.507756,-0.9895782470703125
2026-09-20T17:48:19.756486,-0.9908447265625
2026-09-20T17:48:21.862134,-0.9913177490234375
2026-09-20T17:48:22.877232,-0.9888763427734375
2026-09-20T17:48:23.929534,-0.9901580810546875
2026-09-20T17:48:24.976387,-0.9903717041015625
2026-09-20T17:48:26.076329,-0.988677978515625
2026-09-20T17:48:27.090566,-0.990966796875
2026-09-20T17:48:29.194597,-0.991058349609375
2026-09-20T17:48:30.246678,-0.9906463623046875
2026-09-20T17:48:31.298892,-0.9902191162109375
2026-09-20T17:48:32.371317,-0.9902496337890625
2026-09-20T17:48:33.438687,-0.9892120361328125
2026-09-20T17:48:34.491425,-0.9897918701171875
2026-09-20T17:48:35.586578,-0.99053955078125
2026-09-20T17:48:36.663760,-0.992034912109375
2026-09-20T17:48:37.666159,-0.9901275634765625
2026-09-20T17:48:38.718589,-0.99005126953125
2026-09-20T17:48:39.770670,-0.989990234375
2026-09-20T17:48:40.822869,-0.990142822265625
2026-09-20T17:48:41.850011,-0.9891357421875
2026-09-20T17:48:42.893611,-0.990081787109375
2026-09-20T17:48:43.945637,-0.9906005859375
2026-09-20T17:48:45.021362,-0.98907470703125
2026-09-20T17:48:46.043308,-0.9904022216796875
2026-09-20T17:48:48.094160,-0.9905853271484375
2026-09-20T17:48:49.196289,-0.9894256591796875
2026-09-20T17:48:50.248228,-0.9907073974609375
2026-09-20T17:48:51.300091,-0.9895782470703125
2026-09-20T17:48:52.365296,-0.989105224609375
2026-09-20T17:48:53.441626,-0.9903411865234375
2026-09-20T17:48:54.493619,-0.990234375
2026-09-20T17:48:55.559767,-0.9897003173828125
2026-09-20T17:48:56.631354,-0.9903106689453125
2026-09-20T17:48:57.683000,-0.9904022216796875
2026-09-20T17:48:58.775761,-0.99078369140625
2026-09-20T17:48:59.803898,-0.989044189453125
2026-09-20T17:49:00.855763,-0.9908447265625
2026-09-20T17:49:01.907835,-0.9902496337890625
2026-09-20T17:49:02.913113,-0.9918670654296875
2026-09-20T17:49:03.965329,-0.9904632568359375
2026-09-20T17:49:05.017305,-0.99017333984375
2026-09-20T17:49:06.019306,-0.990692138671875
2026-09-20T17:49:07.071274,-0.9891357421875
2026-09-20T17:49:08.161086,-0.990753173828125
2026-09-20T17:49:09.233031,-0.990478515625
2026-09-20T17:49:10.305140,-0.9893951416015625
2026-09-20T17:49:11.328878,-0.988311767578125
2026-09-20T17:49:12.381108,-0.9890289306640625
2026-09-20T17:49:13.441432,-0.988494873046875
2026-09-20T17:49:14.493853,-0.98974609375
2026-09-20T17:49:15.546274,-0.990478515625
2026-09-20T17:49:16.599360,-0.989776611328125
2026-09-20T17:49:17.671980,-0.9880828857421875
2026-09-20T17:49:18.750053,-0.9898834228515625
2026-09-20T17:49:19.822126,-0.9890594482421875
2026-09-20T17:49:20.893828,-0.98797607421875
2026-09-20T17:49:21.895771,-0.9892578125
2026-09-20T17:49:22.899267,-0.9896392822265625
2026-09-20T17:49:23.954640,-0.9901123046875
2026-09-20T17:49:25.006742,-0.9901275634765625
2026-09-20T17:49:26.059274,-0.9893341064453125
2026-09-20T17:49:27.061647,-0.988250732421875
2026-09-20T17:49:28.145024,-0.989532470703125
2026-09-20T17:49:29.201791,-0.9898834228515625
2026-09-20T17:49:30.280618,-0.9889678955078125
2026-09-20T17:49:31.351642,-0.9894866943359375
2026-09-20T17:49:32.374603,-0.989166259765625
2026-09-20T17:49:33.442312,-0.9888916015625
2026-09-20T17:49:34.520143,-0.9877777099609375
2026-09-20T17:49:35.571924,-0.9907989501953125
2026-09-20T17:49:36.623838,-0.9891204833984375
2026-09-20T17:49:37.675873,-0.9903106689453125
2026-09-20T17:49:38.727988,-0.989898681640625
2026-09-20T17:49:39.780014,-0.9907379150390625
2026-09-20T17:49:40.831988,-0.98980712890625
2026-09-20T17:49:41.884292,-0.99066162109375
2026-09-20T17:49:42.899924,-0.9885101318359375
2026-09-20T17:49:43.954602,-0.9893341064453125
2026-09-20T17:49:44.956592,-0.988433837890625
2026-09-20T17:49:45.958230,-0.9884185791015625
2026-09-20T17:49:46.977694,-0.9897308349609375
2026-09-20T17:49:47.999052,-0.989532470703125
2026-09-20T17:49:49.019138,-0.9875946044921875
2026-09-20T17:49:51.072384,-0.989166259765625
2026-09-20T17:49:52.074217,-0.98992919921875
2026-09-20T17:49:53.076231,-0.989776611328125
2026-09-20T17:49:54.132506,-0.9898681640625
2026-09-20T17:49:55.148653,-0.990966796875
2026-09-20T17:49:56.200682,-0.98883056640625
2026-09-20T17:49:58.331190,-0.990386962890625
2026-09-20T17:49:59.382635,-0.9889373779296875
