TimeStamp,accel_x
2026-09-05T11:05:48.630177,0.016845703125
2026-09-05T11:05:49.631137,0.01690673828125
2026-09-05T11:05:52.634295,0.0163726806640625
2026-09-05T11:05:55.637131,0.015625
2026-09-05T11:05:58.640118,0.0142822265625
2026-09-05T11:06:34.688101,0.016510009765625
2026-09-05T11:06:37.692376,0.015655517578125
2026-09-05T11:06:40.695206,0.0168609619140625
2026-09-05T11:06:43.698107,0.0174407958984375
2026-09-05T11:06:46.701110,0.01641845703125
2026-09-05T11:08:20.079905,0.016021728515625
2026-09-05T11:08:21.081162,0.016510009765625
2026-09-05T11:08:24.084155,0.017120361328125
2026-09-05T11:08:27.087088,0.016357421875
2026-09-05T11:08:30.090118,0.016571044921875
2026-09-05T11:08:33.093192,0.0182037353515625
2026-09-05T11:08:37.097090,0.0180511474609375
2026-09-05T11:08:40.100991,0.017181396484375
2026-09-05T11:08:43.105124,0.017547607421875
2026-09-05T11:08:46.109262,0.01611328125
2026-09-05T11:08:49.113346,0.018218994140625
2026-09-05T11:08:52.116089,0.01666259765625
2026-09-05T11:08:55.120298,0.016143798828125
2026-09-05T11:08:58.124349,0.01837158203125
2026-09-05T11:09:07.069921,0.017059326171875
2026-09-05T11:09:08.071092,0.0174713134765625
2026-09-05T11:09:11.074142,0.0175323486328125
2026-09-05T11:09:14.077120,0.0162811279296875
2026-09-05T11:09:17.080111,0.01806640625
2026-09-05T11:09:20.083273,0.0164947509765625
2026-09-05T11:09:24.087092,0.016510009765625
2026-09-05T11:09:27.090087,0.01666259765625
2026-09-05T11:09:30.093141,0.0168609619140625
2026-09-05T11:09:33.096414,0.016693115234375
2026-09-05T11:09:36.100532,0.015899658203125
2026-09-05T11:09:39.103183,0.0150909423828125
2026-09-05T11:09:42.106360,0.016754150390625
2026-09-05T11:09:45.109162,0.0157928466796875
2026-09-05T11:09:48.112110,0.0154266357421875
2026-09-05T11:09:51.115123,0.01837158203125
2026-09-05T11:09:54.118150,0.0168914794921875
2026-09-05T11:09:58.122316,0.017547607421875
2026-09-05T11:10:01.125110,0.016326904296875
2026-09-05T11:10:04.128476,0.01763916015625
2026-09-05T11:10:32.073021,0.0175018310546875
2026-09-05T11:10:33.074148,0.016998291015625
2026-09-05T11:10:36.078172,0.0171356201171875
