TimeStamp,Y Value
2026-09-02T17:03:45.563699,-0.722259521484375
2026-09-02T17:03:47.565904,-0.2069244384765625
2026-09-02T17:03:50.568925,-0.9547271728515625
2026-09-02T17:03:53.571888,0.4347991943359375
2026-09-02T17:03:56.574926,-0.10418701171875
2026-09-02T17:03:59.577945,-0.464385986328125
2026-09-02T17:04:02.580953,-0.4868316650390625
2026-09-02T17:04:05.583946,0.28033447265625
2026-09-02T17:04:09.588021,-0.11126708984375
2026-09-02T17:04:12.591959,-0.2861175537109375
2026-09-02T17:04:15.595797,0.05718994140625
2026-09-02T17:04:18.599009,0.135986328125
2026-09-02T17:04:21.602014,-0.2538299560546875
2026-09-02T17:04:24.605109,-0.581573486328125
2026-09-02T17:04:27.609094,-0.1878204345703125
2026-09-02T17:04:30.613687,-0.1565704345703125
2026-09-02T17:04:33.618072,-0.598663330078125
2026-09-02T17:04:36.622691,-0.2958984375
2026-09-02T17:04:39.627153,0.6014862060546875
2026-09-02T17:04:43.633065,0.497772216796875
2026-09-02T17:04:46.636986,0.4721527099609375
2026-09-02T17:04:49.640831,-1.4509124755859375
2026-09-02T17:04:52.644824,0.70538330078125
2026-09-02T17:04:55.647966,0.641326904296875
2026-09-02T17:04:58.651070,0.094573974609375
2026-09-02T17:05:01.653876,0.3109283447265625
2026-09-02T17:05:04.656971,0.248382568359375
2026-09-02T17:05:07.660023,0.808837890625
2026-09-02T17:05:10.662955,-0.9996490478515625
2026-09-02T17:05:34.617923,-0.4345245361328125
2026-09-02T17:12:33.044108,-0.4345245361328125
2026-09-02T17:16:25.977864,-0.4345245361328125
2026-09-02T17:18:45.957849,-0.4345245361328125
2026-09-02T17:33:40.622675,-0.4345245361328125
2026-09-02T17:34:47.859382,-0.4345245361328125
2026-09-02T17:35:12.080883,-0.4345245361328125
2026-09-02T17:36:11.252602,-0.4345245361328125
2026-09-02T17:36:40.333975,-0.4345245361328125
2026-09-02T17:38:20.481886,-0.4345245361328125
2026-09-02T17:39:06.255318,-0.4345245361328125
2026-09-02T17:40:04.214284,-0.4345245361328125
2026-09-02T17:42:43.960669,-0.4345245361328125
2026-09-02T17:43:15.909688,-0.4345245361328125
2026-09-02T17:44:36.600908,-0.4345245361328125
2026-09-02T17:54:04.696324,-0.611968994140625
2026-09-02T17:54:07.698971,-0.550811767578125
2026-09-02T17:54:10.702924,-0.8725433349609375
2026-09-02T17:54:13.707044,-0.0387420654296875
2026-09-02T17:54:16.710953,-0.034149169921875
2026-09-02T17:54:19.713931,-0.0380859375
2026-09-02T17:54:23.718017,-0.0370635986328125
2026-09-02T17:54:26.722086,-0.0382843017578125
2026-09-02T17:54:29.725250,-0.0377197265625
2026-09-02T17:54:32.729405,-0.03875732421875
2026-09-02T17:54:35.733487,-0.038421630859375
2026-09-02T17:54:38.737515,-0.0381927490234375
2026-09-02T17:54:40.739920,-0.039276123046875
2026-09-02T17:54:43.742958,-0.03790283203125
2026-09-02T17:54:46.745944,-0.037628173828125
2026-09-02T17:54:49.757580,-0.038543701171875
2026-09-02T17:54:52.759948,-0.0379791259765625
2026-09-02T17:54:55.762980,-0.037017822265625
2026-09-02T17:54:59.765017,-0.0391387939453125
2026-09-02T17:55:02.767975,-0.03875732421875
2026-09-02T17:55:05.770006,-0.037353515625
2026-09-02T17:55:08.772040,-0.0383148193359375
2026-09-02T17:55:11.773348,-0.038665771484375
2026-09-02T17:55:14.776109,-0.0390472412109375
2026-09-02T17:55:17.778709,-0.0384521484375
2026-09-02T17:55:20.780971,-0.0385284423828125
2026-09-02T17:55:23.783890,-0.039642333984375
2026-09-02T17:55:26.787385,-0.0390625
2026-09-02T17:55:29.789883,-0.03668212890625
2026-09-02T17:55:33.794287,-0.0385284423828125
2026-09-02T17:55:36.796874,-0.0380401611328125
2026-09-02T17:55:39.799914,-0.0373382568359375
2026-09-02T17:55:42.802896,-0.0374603271484375
2026-09-02T17:55:45.805927,-0.036895751953125
2026-09-02T17:55:48.808985,-0.0367431640625
2026-09-02T17:55:51.811921,-0.0374908447265625
2026-09-02T17:55:54.814946,-0.0374603271484375
2026-09-02T17:55:57.818559,-0.03826904296875
2026-09-02T17:56:00.821457,-0.037078857421875
2026-09-02T17:56:03.823941,-0.0358123779296875
2026-09-02T17:56:07.827904,-0.03790283203125
2026-09-02T17:56:10.830949,-0.0392913818359375
2026-09-02T17:56:13.833889,-0.0405731201171875
2026-09-02T17:56:16.836929,-0.0381317138671875
2026-09-02T17:56:19.839882,-0.038299560546875
2026-09-02T17:56:22.842904,-0.0382537841796875
2026-09-02T17:56:25.845961,-0.0379180908203125
2026-09-02T17:56:28.848923,-0.0386810302734375
2026-09-02T17:56:31.851943,-0.037506103515625
2026-09-02T17:56:34.854961,-0.0387420654296875
2026-09-02T17:56:37.857893,-0.0377655029296875
2026-09-02T17:56:41.861937,-0.0394439697265625
2026-09-02T17:56:44.865192,-0.0383758544921875
2026-09-02T17:56:47.867991,-0.0368499755859375
2026-09-02T17:56:50.870895,-0.0390472412109375
2026-09-02T17:56:53.873884,-0.038330078125
2026-09-02T17:56:56.877432,-0.037445068359375
2026-09-02T17:56:59.879882,-0.0389404296875
2026-09-02T17:57:02.883203,-0.0387115478515625
2026-09-02T17:57:05.885935,-0.0376739501953125
2026-09-02T17:57:10.890992,-0.0392303466796875
2026-09-02T17:57:13.894244,-0.03900146484375
2026-09-02T17:57:16.896956,-0.039154052734375
2026-09-02T17:57:19.900340,-0.0380096435546875
2026-09-02T17:57:22.904428,-0.037109375
2026-09-02T17:57:25.908551,-0.03729248046875
2026-09-02T17:57:28.912817,-0.034271240234375
2026-09-02T17:57:31.916855,-0.039886474609375
2026-09-02T17:57:34.920009,-0.03704833984375
2026-09-02T17:57:37.923754,-0.0377197265625
2026-09-02T17:57:40.928158,-0.0377349853515625
2026-09-02T17:57:43.932440,-0.0386199951171875
2026-09-02T17:57:47.937065,-0.036102294921875
2026-09-02T17:57:50.941107,-0.04022216796875
2026-09-02T17:57:53.944922,-0.0379791259765625
2026-09-02T17:57:56.948433,-0.0405426025390625
2026-09-02T17:57:59.952004,-0.037017822265625
2026-09-02T17:58:02.955042,-0.0399017333984375
2026-09-02T17:58:05.958734,-0.0383148193359375
2026-09-02T17:58:08.963007,-0.0379791259765625
2026-09-02T17:58:11.967161,-0.0375213623046875
2026-09-02T17:58:14.971352,-0.0380706787109375
2026-09-02T17:58:18.976789,-0.0384979248046875
2026-09-02T17:58:21.981027,-0.0377960205078125
2026-09-02T17:58:24.985129,-0.03765869140625
2026-09-02T17:58:27.989463,-0.0372772216796875
2026-09-02T17:58:30.993510,-0.0381622314453125
2026-09-02T17:58:33.997579,-0.0393218994140625
2026-09-02T17:58:37.000441,-0.0378265380859375
2026-09-02T17:58:40.003939,-0.0389404296875
2026-09-02T17:58:43.007317,-0.03857421875
2026-09-02T17:58:46.011511,-0.03851318359375
2026-09-02T17:58:49.015525,-0.037384033203125
2026-09-02T17:58:52.019776,-0.03997802734375
2026-09-02T17:58:56.025063,-0.039093017578125
2026-09-02T17:58:59.027969,-0.0394439697265625
2026-09-02T17:59:02.031733,-0.03973388671875
2026-09-02T17:59:05.035977,-0.0379180908203125
2026-09-02T17:59:08.039997,-0.038330078125
2026-09-02T17:59:11.042977,-0.0380096435546875
2026-09-02T17:59:14.046353,-0.038909912109375
2026-09-02T17:59:17.050366,-0.038543701171875
2026-09-02T17:59:20.054505,-0.03778076171875
2026-09-02T17:59:23.058574,-0.03973388671875
2026-09-02T17:59:27.064028,-0.0404052734375
2026-09-02T17:59:30.068101,-0.0400543212890625
2026-09-02T17:59:33.072142,-0.038604736328125
2026-09-02T17:59:36.076103,-0.0388031005859375
2026-09-02T17:59:39.080639,-0.037506103515625
2026-09-02T17:59:42.084046,-0.0387420654296875
2026-09-02T17:59:45.087489,-0.038604736328125
2026-09-02T17:59:48.090976,-0.0391082763671875
2026-09-02T17:59:51.094042,-0.0386962890625
2026-09-02T17:59:54.097466,-0.037261962890625
2026-09-02T17:59:57.099981,-0.0377655029296875
2026-09-02T18:00:00.102990,-0.039581298828125
2026-09-02T18:00:04.106976,-0.0376434326171875
2026-09-02T18:00:07.110438,-0.03839111328125
2026-09-02T18:00:10.112925,-0.0387115478515625
2026-09-02T18:00:13.116953,-0.0364532470703125
2026-09-02T18:00:16.120343,-0.037933349609375
2026-09-02T18:00:19.123097,-0.0381317138671875
2026-09-02T18:00:22.127066,-0.0391998291015625
2026-09-02T18:00:25.131048,-0.03936767578125
2026-09-02T18:00:28.134144,-0.0385589599609375
2026-09-02T18:00:31.138080,-0.0382080078125
2026-09-02T18:00:37.147293,-0.036834716796875
2026-09-02T18:00:40.151222,-0.0391845703125
2026-09-02T18:00:43.155898,-0.0382232666015625
2026-09-02T18:00:46.159027,-0.038177490234375
2026-09-02T18:00:49.162051,-0.0377197265625
2026-09-02T18:00:52.164995,-0.0389862060546875
2026-09-02T18:00:55.168049,-0.03790283203125
2026-09-02T18:00:58.171729,-0.03900146484375
2026-09-02T18:01:01.176102,-0.037353515625
2026-09-02T18:01:04.178458,-0.0372772216796875
2026-09-02T18:01:07.181002,-0.037322998046875
2026-09-02T18:01:11.185441,-0.039093017578125
2026-09-02T18:01:14.188291,-0.038299560546875
2026-09-02T18:01:17.192078,-0.0374603271484375
2026-09-02T18:01:20.195086,-0.0376129150390625
2026-09-02T18:01:23.198014,-0.0372467041015625
2026-09-02T18:01:26.201021,-0.037872314453125
2026-09-02T18:01:29.204213,-0.038055419921875
2026-09-02T18:01:32.209369,-0.038177490234375
2026-09-02T18:01:35.211061,-0.037506103515625
2026-09-02T18:01:38.213978,-0.0384368896484375
2026-09-02T18:01:41.216996,-0.0393829345703125
2026-09-02T18:01:45.221008,-0.039581298828125
2026-09-02T18:01:48.224836,-0.03851318359375
2026-09-02T18:01:51.228084,-0.0382537841796875
2026-09-02T18:01:54.232046,-0.0392913818359375
2026-09-02T18:01:57.235616,-0.03857421875
2026-09-02T18:02:00.238002,-0.0380859375
2026-09-02T18:02:04.242173,-0.038818359375
2026-09-02T18:02:07.245056,-0.0377349853515625
2026-09-02T18:02:10.248504,-0.0379638671875
2026-09-02T18:02:13.251027,-0.0392913818359375
2026-09-02T18:02:16.254800,-0.0384521484375
2026-09-02T18:02:19.258027,-0.0388031005859375
2026-09-02T18:02:22.261050,-0.0379180908203125
2026-09-02T18:02:25.264088,-0.0370025634765625
2026-09-02T18:02:28.267449,-0.0384063720703125
2026-09-02T18:02:31.270130,-0.0379791259765625
2026-09-02T18:02:35.274044,-0.038177490234375
2026-09-02T18:02:38.277001,-0.03759765625
2026-09-02T18:02:41.280081,-0.038909912109375
2026-09-02T18:02:44.283504,-0.03863525390625
2026-09-02T18:02:47.318212,-0.03802490234375
2026-09-02T18:02:50.320175,-0.0374603271484375
2026-09-02T18:02:54.323113,-0.0398712158203125
2026-09-02T18:02:57.326246,-0.039215087890625
2026-09-02T18:03:00.328240,-0.03851318359375
2026-09-02T18:03:03.330263,-0.03759765625
2026-09-02T18:03:06.332807,-0.039794921875
2026-09-02T18:03:09.336224,-0.03936767578125
2026-09-02T18:03:12.339347,-0.0386505126953125
2026-09-02T18:03:15.342265,-0.03436279296875
2026-09-02T18:03:18.345487,-0.0377044677734375
2026-09-02T18:03:21.348330,-0.0378875732421875
2026-09-02T18:03:24.352214,-0.0373077392578125
2026-09-02T18:03:28.358344,-0.0379791259765625
2026-09-02T18:03:31.363793,-0.0405426025390625
2026-09-02T18:03:34.368313,-0.0383758544921875
2026-09-02T18:03:37.372554,-0.0392913818359375
2026-09-02T18:03:40.376233,-0.0389556884765625
2026-09-02T18:03:43.379212,-0.0363616943359375
2026-09-02T18:03:46.383053,-0.0385894775390625
2026-09-02T18:03:49.386093,-0.0380096435546875
2026-09-02T18:03:52.390781,-0.0394287109375
2026-09-02T18:03:55.394205,-0.040069580078125
2026-09-02T18:03:58.397283,-0.039093017578125
2026-09-02T18:04:02.401089,-0.0369415283203125
2026-09-02T18:04:05.404098,-0.038482666015625
2026-09-02T18:04:08.407051,-0.036346435546875
2026-09-02T18:04:11.410180,-0.0373382568359375
2026-09-02T18:04:14.413154,-0.0389404296875
2026-09-02T18:04:17.416646,-0.0372467041015625
2026-09-02T18:04:20.419578,-0.0380706787109375
2026-09-02T18:04:23.422295,-0.038238525390625
2026-09-02T18:04:26.425176,-0.0393218994140625
2026-09-02T18:04:29.427889,-0.038604736328125
2026-09-02T18:04:32.431738,-0.0369873046875
2026-09-02T18:04:53.014054,-0.038238525390625
2026-09-02T18:04:55.016769,-0.04052734375
2026-09-02T18:04:58.020066,-0.03778076171875
2026-09-02T18:05:01.022899,-0.03863525390625
2026-09-02T18:05:04.026139,-0.039154052734375
2026-09-02T18:05:07.028974,-0.0384521484375
2026-09-02T18:05:10.032960,-0.0377349853515625
2026-09-02T18:05:14.037361,-0.038330078125
2026-09-02T18:05:17.040924,-0.0370025634765625
2026-09-02T18:05:20.044043,-0.0400238037109375
2026-09-02T18:05:23.047382,-0.0391082763671875
2026-09-02T18:05:26.051559,-0.0387115478515625
2026-09-02T18:05:29.055423,-0.0383148193359375
2026-09-02T18:05:32.059462,-0.040069580078125
2026-09-02T18:05:35.063519,-0.0393829345703125
2026-09-02T18:05:38.067350,-0.038330078125
2026-09-02T18:05:41.071147,-0.0387115478515625
2026-09-02T18:05:44.075175,-0.040008544921875
2026-09-02T18:05:48.079464,-0.0396575927734375
2026-09-02T18:05:51.082924,-0.040069580078125
2026-09-02T18:05:54.085928,-0.039764404296875
2026-09-02T18:05:57.089598,-0.038909912109375
2026-09-02T18:06:00.091960,-0.0395660400390625
2026-09-02T18:06:03.094928,-0.039398193359375
2026-09-02T18:06:06.097951,-0.0367431640625
2026-09-02T18:06:09.100910,-0.038360595703125
2026-09-02T18:06:12.103958,-0.040924072265625
2026-09-02T18:06:15.106997,-0.04132080078125
2026-09-02T18:06:18.110783,-0.0373382568359375
2026-09-02T18:06:22.115083,-0.0408172607421875
2026-09-02T18:06:25.119561,-0.0395355224609375
2026-09-02T18:06:28.123672,-0.041107177734375
2026-09-02T18:06:31.127022,-0.039031982421875
2026-09-02T18:06:34.130008,-0.039154052734375
2026-09-02T18:06:37.133015,-0.0394744873046875
2026-09-02T18:06:40.137008,-0.0398712158203125
2026-09-02T18:06:43.140016,-0.0393829345703125
2026-09-02T18:06:46.143432,-0.0393524169921875
