TimeStamp,Z Value
2026-09-02T17:03:45.563776,0.243927001953125
2026-09-02T17:03:48.566980,0.6625518798828125
2026-09-02T17:03:51.570056,0.1513519287109375
2026-09-02T17:03:54.572960,0.0776824951171875
2026-09-02T17:03:57.575966,-0.5789794921875
2026-09-02T17:04:00.579013,0.2399749755859375
2026-09-02T17:04:03.582007,-0.4565277099609375
2026-09-02T17:04:06.584948,-0.341827392578125
2026-09-02T17:04:10.589424,-0.1636962890625
2026-09-02T17:04:13.593382,-1.4040374755859375
2026-09-02T17:04:16.597062,-0.7454986572265625
2026-09-02T17:04:19.600104,0.3204193115234375
2026-09-02T17:04:22.603368,0.1401214599609375
2026-09-02T17:04:25.606153,0.0645751953125
2026-09-02T17:04:28.610713,-0.7428741455078125
2026-09-02T17:04:31.615280,-0.9045867919921875
2026-09-02T17:04:34.619698,-0.215789794921875
2026-09-02T17:04:37.624153,-0.400146484375
2026-09-02T17:04:40.628817,-0.6004638671875
2026-09-02T17:04:44.634736,-0.7310791015625
2026-09-02T17:04:47.640099,-0.62744140625
2026-09-02T17:04:50.642178,0.4680633544921875
2026-09-02T17:04:53.646201,-0.4630584716796875
2026-09-02T17:04:56.686098,-0.8074493408203125
2026-09-02T17:04:59.689026,-0.5500946044921875
2026-09-02T17:05:02.692161,-0.788909912109375
2026-09-02T17:05:05.695092,-0.750335693359375
2026-09-02T17:05:08.698095,-1.0232086181640625
2026-09-02T17:05:11.701193,-0.011138916015625
2026-09-02T17:05:34.617977,-0.931365966796875
2026-09-02T17:12:33.044246,-0.931365966796875
2026-09-02T17:16:25.977917,-0.931365966796875
2026-09-02T17:18:45.957896,-0.931365966796875
2026-09-02T17:33:40.622747,-0.931365966796875
2026-09-02T17:34:47.859429,-0.931365966796875
2026-09-02T17:35:12.080922,-0.931365966796875
2026-09-02T17:36:11.252650,-0.931365966796875
2026-09-02T17:36:40.334043,-0.931365966796875
2026-09-02T17:38:20.481948,-0.931365966796875
2026-09-02T17:39:06.255364,-0.931365966796875
2026-09-02T17:40:04.214328,-0.931365966796875
2026-09-02T17:42:43.960718,-0.931365966796875
2026-09-02T17:43:15.909746,-0.931365966796875
2026-09-02T17:44:36.600956,-0.931365966796875
2026-09-02T17:54:05.697156,-0.8183746337890625
2026-09-02T17:54:08.700400,-0.7916412353515625
2026-09-02T17:54:11.704356,-0.3492279052734375
2026-09-02T17:54:14.708489,-0.9945068359375
2026-09-02T17:54:17.712000,-1.002716064453125
2026-09-02T17:54:20.714962,-0.9918365478515625
2026-09-02T17:54:24.719404,-0.9929046630859375
2026-09-02T17:54:27.722974,-0.9918060302734375
2026-09-02T17:54:30.726678,-0.988525390625
2026-09-02T17:54:33.730842,-0.99688720703125
2026-09-02T17:54:36.734900,-0.9910736083984375
2026-09-02T17:54:39.738922,-0.9944915771484375
2026-09-02T17:54:41.740894,-0.996673583984375
2026-09-02T17:54:44.743909,-0.9911041259765625
2026-09-02T17:54:47.746962,-0.9941253662109375
2026-09-02T17:54:50.757976,-0.9913787841796875
2026-09-02T17:54:53.760984,-0.99273681640625
2026-09-02T17:54:56.763296,-0.992340087890625
2026-09-02T17:55:00.766010,-0.988433837890625
2026-09-02T17:55:03.768179,-0.9913482666015625
2026-09-02T17:55:06.770515,-1.0016021728515625
2026-09-02T17:55:09.772984,-0.9902191162109375
2026-09-02T17:55:12.773990,-0.9843292236328125
2026-09-02T17:55:15.777053,-0.9925537109375
2026-09-02T17:55:18.778992,-0.9897918701171875
2026-09-02T17:55:21.781968,-0.9923858642578125
2026-09-02T17:55:24.784928,-0.9920806884765625
2026-09-02T17:55:27.787915,-0.992462158203125
2026-09-02T17:55:30.790975,-0.9927520751953125
2026-09-02T17:55:34.795482,-0.9914703369140625
2026-09-02T17:55:37.797925,-0.9871063232421875
2026-09-02T17:55:40.800926,-0.991180419921875
2026-09-02T17:55:43.803950,-0.991912841796875
2026-09-02T17:55:46.806968,-0.990203857421875
2026-09-02T17:55:49.809938,-0.9938507080078125
2026-09-02T17:55:52.812876,-0.9907989501953125
2026-09-02T17:55:55.815884,-0.9931793212890625
2026-09-02T17:55:58.819544,-0.99298095703125
2026-09-02T17:56:01.821943,-0.99334716796875
2026-09-02T17:56:04.824890,-0.9910736083984375
2026-09-02T17:56:08.828933,-0.9917449951171875
2026-09-02T17:56:11.831973,-0.99261474609375
2026-09-02T17:56:14.835001,-0.9890594482421875
2026-09-02T17:56:17.838308,-0.991546630859375
2026-09-02T17:56:20.840955,-0.991424560546875
2026-09-02T17:56:23.843914,-0.992279052734375
2026-09-02T17:56:26.846920,-0.9931182861328125
2026-09-02T17:56:29.849915,-0.9927215576171875
2026-09-02T17:56:32.852920,-0.9929656982421875
2026-09-02T17:56:35.855895,-0.992828369140625
2026-09-02T17:56:38.858978,-0.9908294677734375
2026-09-02T17:56:42.862878,-0.9863128662109375
2026-09-02T17:56:45.866494,-0.9898834228515625
2026-09-02T17:56:48.868968,-0.99090576171875
2026-09-02T17:56:51.871963,-0.990753173828125
2026-09-02T17:56:54.874987,-0.991607666015625
2026-09-02T17:56:57.877878,-0.9908447265625
2026-09-02T17:57:00.880912,-0.99298095703125
2026-09-02T17:57:03.884485,-0.9903564453125
2026-09-02T17:57:06.886917,-0.990447998046875
2026-09-02T17:57:08.888908,-0.9955291748046875
2026-09-02T17:57:11.892248,-0.987152099609375
2026-09-02T17:57:14.894960,-0.99700927734375
2026-09-02T17:57:17.897925,-0.99285888671875
2026-09-02T17:57:20.901759,-0.9921875
2026-09-02T17:57:23.905790,-0.9910736083984375
2026-09-02T17:57:26.909990,-0.995025634765625
2026-09-02T17:57:29.914153,-1.00146484375
2026-09-02T17:57:32.918132,-0.9837493896484375
2026-09-02T17:57:35.920986,-0.993377685546875
2026-09-02T17:57:38.925404,-0.9921112060546875
2026-09-02T17:57:41.929568,-0.9939117431640625
2026-09-02T17:57:44.933851,-0.99169921875
2026-09-02T17:57:48.938406,-0.993255615234375
2026-09-02T17:57:51.942466,-0.99462890625
2026-09-02T17:57:54.945941,-0.9955291748046875
2026-09-02T17:57:57.949742,-0.9926910400390625
2026-09-02T17:58:00.953026,-0.99285888671875
2026-09-02T17:58:03.955970,-0.98907470703125
2026-09-02T17:58:06.960184,-0.987457275390625
2026-09-02T17:58:09.964384,-0.9910430908203125
2026-09-02T17:58:12.968558,-0.9950714111328125
2026-09-02T17:58:15.972735,-0.9915924072265625
2026-09-02T17:58:19.978166,-0.99188232421875
2026-09-02T17:58:22.982437,-0.992584228515625
2026-09-02T17:58:25.986573,-0.9931640625
2026-09-02T17:58:28.990807,-0.99102783203125
2026-09-02T17:58:31.994834,-0.9907073974609375
2026-09-02T17:58:34.998097,-0.9922027587890625
2026-09-02T17:58:38.001558,-0.991790771484375
2026-09-02T17:58:41.004978,-0.9908905029296875
2026-09-02T17:58:44.008715,-0.9976959228515625
2026-09-02T17:58:47.012873,-0.991119384765625
2026-09-02T17:58:50.016937,-0.9925537109375
2026-09-02T17:58:53.021076,-0.99249267578125
2026-09-02T17:58:57.025929,-0.9930267333984375
2026-09-02T17:59:00.028996,-0.991119384765625
2026-09-02T17:59:03.033143,-0.9932861328125
2026-09-02T17:59:06.037342,-1.0026702880859375
2026-09-02T17:59:09.041396,-0.98968505859375
2026-09-02T17:59:12.044336,-0.9931488037109375
2026-09-02T17:59:15.047771,-0.9906158447265625
2026-09-02T17:59:18.051770,-0.9909515380859375
2026-09-02T17:59:21.055875,-0.9906463623046875
2026-09-02T17:59:24.059965,-0.991302490234375
2026-09-02T17:59:28.065462,-0.989532470703125
2026-09-02T17:59:31.069460,-0.9912261962890625
2026-09-02T17:59:34.073451,-0.9916839599609375
2026-09-02T17:59:37.077547,-0.99237060546875
2026-09-02T17:59:40.081964,-0.99005126953125
2026-09-02T17:59:43.085051,-0.989959716796875
2026-09-02T17:59:46.088790,-0.9922637939453125
2026-09-02T17:59:49.091944,-0.990936279296875
2026-09-02T17:59:52.094988,-0.990509033203125
2026-09-02T17:59:55.098000,-0.9918975830078125
2026-09-02T17:59:58.100938,-0.9897308349609375
2026-09-02T18:00:01.104389,-0.9911346435546875
2026-09-02T18:00:05.107994,-0.9946136474609375
2026-09-02T18:00:08.110950,-0.9905548095703125
2026-09-02T18:00:11.114346,-0.992645263671875
2026-09-02T18:00:14.117969,-0.9896240234375
2026-09-02T18:00:17.120947,-0.991119384765625
2026-09-02T18:00:20.124526,-0.99041748046875
2026-09-02T18:00:23.128666,-0.9889068603515625
2026-09-02T18:00:26.132027,-0.9934844970703125
2026-09-02T18:00:29.135079,-0.9929351806640625
2026-09-02T18:00:32.139626,-0.99072265625
2026-09-02T18:00:34.142770,-0.9888458251953125
2026-09-02T18:00:38.148071,-0.9895172119140625
2026-09-02T18:00:41.152707,-0.990203857421875
2026-09-02T18:00:44.156947,-0.991546630859375
2026-09-02T18:00:47.159984,-0.9919586181640625
2026-09-02T18:00:50.163154,-0.9896392822265625
2026-09-02T18:00:53.165981,-0.9900665283203125
2026-09-02T18:00:56.168970,-0.9914703369140625
2026-09-02T18:00:59.175046,-0.9907379150390625
2026-09-02T18:01:02.177059,-0.99041748046875
2026-09-02T18:01:05.178977,-0.9905548095703125
2026-09-02T18:01:08.181918,-0.9906158447265625
2026-09-02T18:01:12.185925,-0.9914398193359375
2026-09-02T18:01:15.189631,-0.9920806884765625
2026-09-02T18:01:18.193064,-0.9907379150390625
2026-09-02T18:01:21.195987,-0.9925537109375
2026-09-02T18:01:24.198937,-0.989349365234375
2026-09-02T18:01:27.201985,-0.9915008544921875
2026-09-02T18:01:30.208049,-0.9904327392578125
2026-09-02T18:01:33.209862,-0.990234375
2026-09-02T18:01:36.211979,-0.9878997802734375
2026-09-02T18:01:39.214921,-0.9896697998046875
2026-09-02T18:01:42.218086,-0.9931793212890625
2026-09-02T18:01:46.221983,-0.989013671875
2026-09-02T18:01:49.225959,-0.9895782470703125
2026-09-02T18:01:52.229324,-0.9914398193359375
2026-09-02T18:01:55.232950,-0.990570068359375
2026-09-02T18:01:58.236520,-0.9887847900390625
2026-09-02T18:02:01.239018,-0.9919586181640625
2026-09-02T18:02:05.242981,-0.9914093017578125
2026-09-02T18:02:08.245939,-0.99041748046875
2026-09-02T18:02:11.249021,-0.99114990234375
2026-09-02T18:02:14.251930,-0.9910125732421875
2026-09-02T18:02:17.256054,-0.9916229248046875
2026-09-02T18:02:20.258990,-0.9914093017578125
2026-09-02T18:02:23.261940,-0.990936279296875
2026-09-02T18:02:26.265001,-0.99176025390625
2026-09-02T18:02:29.267973,-0.9917144775390625
2026-09-02T18:02:32.271040,-0.99078369140625
2026-09-02T18:02:36.274984,-0.9909210205078125
2026-09-02T18:02:39.277955,-0.9907684326171875
2026-09-02T18:02:42.280965,-0.990936279296875
2026-09-02T18:02:45.284072,-0.991180419921875
2026-09-02T18:02:48.319075,-0.990386962890625
2026-09-02T18:02:51.321111,-0.9990386962890625
2026-09-02T18:02:55.324164,-0.988525390625
2026-09-02T18:02:58.327044,-0.9898223876953125
2026-09-02T18:03:01.329051,-0.9904632568359375
2026-09-02T18:03:04.331323,-0.990081787109375
2026-09-02T18:03:07.334387,-0.9847412109375
2026-09-02T18:03:10.337253,-0.9897308349609375
2026-09-02T18:03:13.340118,-0.990478515625
2026-09-02T18:03:16.343187,-0.983123779296875
2026-09-02T18:03:19.346452,-0.98974609375
2026-09-02T18:03:22.350143,-0.99078369140625
2026-09-02T18:03:25.356294,-0.9923095703125
2026-09-02T18:03:29.360052,-0.9931793212890625
2026-09-02T18:03:32.365076,-0.998931884765625
2026-09-02T18:03:35.369321,-0.990570068359375
2026-09-02T18:03:38.373669,-0.991180419921875
2026-09-02T18:03:41.377126,-0.983795166015625
2026-09-02T18:03:44.380027,-0.990997314453125
2026-09-02T18:03:47.384028,-0.99395751953125
2026-09-02T18:03:50.387660,-0.98345947265625
2026-09-02T18:03:53.392352,-0.9900054931640625
2026-09-02T18:03:56.395026,-0.985992431640625
2026-09-02T18:03:59.398023,-0.98095703125
2026-09-02T18:04:03.402048,-0.9922637939453125
2026-09-02T18:04:06.405055,-0.991180419921875
2026-09-02T18:04:09.408132,-0.985565185546875
2026-09-02T18:04:12.411085,-0.9898529052734375
2026-09-02T18:04:15.414601,-0.9907989501953125
2026-09-02T18:04:18.417051,-0.991607666015625
2026-09-02T18:04:21.420061,-0.990325927734375
2026-09-02T18:04:24.423130,-0.990570068359375
2026-09-02T18:04:27.426077,-0.99139404296875
2026-09-02T18:04:30.429078,-0.9897918701171875
2026-09-02T18:04:33.433050,-0.9913330078125
2026-09-02T18:04:53.014107,-0.990478515625
2026-09-02T18:04:56.018105,-0.9889373779296875
2026-09-02T18:04:59.021557,-0.99169921875
2026-09-02T18:05:02.024028,-0.9923553466796875
2026-09-02T18:05:05.027090,-0.9903717041015625
2026-09-02T18:05:08.030471,-0.9880218505859375
2026-09-02T18:05:11.033948,-0.9895172119140625
2026-09-02T18:05:15.038809,-0.9887847900390625
2026-09-02T18:05:18.044149,-0.989990234375
2026-09-02T18:05:21.046149,-0.9913177490234375
2026-09-02T18:05:24.048858,-0.9904327392578125
2026-09-02T18:05:27.052908,-0.9908905029296875
2026-09-02T18:05:30.056875,-0.9881744384765625
2026-09-02T18:05:33.061011,-0.9896240234375
2026-09-02T18:05:36.064841,-0.9911346435546875
2026-09-02T18:05:39.068671,-0.9937286376953125
2026-09-02T18:05:42.072553,-0.98712158203125
2026-09-02T18:05:45.076519,-0.986663818359375
2026-09-02T18:05:49.080937,-0.988555908203125
2026-09-02T18:05:52.084043,-0.994171142578125
2026-09-02T18:05:55.087172,-0.98968505859375
2026-09-02T18:05:58.090165,-0.9895172119140625
2026-09-02T18:06:01.093039,-0.9893341064453125
2026-09-02T18:06:04.096070,-0.99200439453125
2026-09-02T18:06:07.099045,-1.03448486328125
2026-09-02T18:06:10.101983,-0.987579345703125
2026-09-02T18:06:13.105309,-0.97802734375
2026-09-02T18:06:16.108035,-0.991912841796875
2026-09-02T18:06:19.111992,-0.9897613525390625
2026-09-02T18:06:23.116666,-0.9917144775390625
2026-09-02T18:06:26.121198,-0.9899749755859375
2026-09-02T18:06:29.125186,-0.990447998046875
2026-09-02T18:06:32.128489,-0.99078369140625
2026-09-02T18:06:35.131554,-0.9894866943359375
2026-09-02T18:06:38.134229,-0.9895477294921875
2026-09-02T18:06:41.138181,-0.9896697998046875
2026-09-02T18:06:44.141017,-0.9918365478515625
2026-09-02T18:06:47.144085,-0.9880828857421875
