TimeStamp,accel_x,accel_y,accel_z
2026-09-05T12:33:09.439664,0.0152587890625,-0.0529022216796875,-0.9883880615234375
2026-09-05T12:33:12.476753,0.0143585205078125,-0.0534515380859375,-0.9895477294921875
2026-09-05T12:33:15.506558,0.0157012939453125,-0.055694580078125,-0.9945068359375
2026-09-05T12:33:18.529822,0.0152587890625,-0.052947998046875,-0.9884033203125
2026-09-05T12:33:21.552818,0.01556396484375,-0.052886962890625,-0.9887847900390625
2026-09-05T12:33:24.643139,0.014892578125,-0.0523529052734375,-0.9876556396484375
2026-09-05T12:33:27.646585,0.0142059326171875,-0.052703857421875,-0.9887542724609375
2026-09-05T12:33:30.658671,0.0147552490234375,-0.0529937744140625,-0.9877471923828125
2026-09-05T12:33:34.668979,0.0145263671875,-0.054656982421875,-0.988372802734375
2026-09-05T12:33:37.700827,0.0149993896484375,-0.053497314453125,-0.9870147705078125
2026-09-05T12:33:40.710615,0.0147247314453125,-0.0518341064453125,-0.9890899658203125
2026-09-05T12:33:43.728685,0.0145416259765625,-0.0535888671875,-0.989501953125
2026-09-05T12:33:46.751183,0.014617919921875,-0.0531768798828125,-0.9890594482421875
2026-09-05T12:33:49.764738,0.014984130859375,-0.0541839599609375,-0.9885101318359375
2026-09-05T12:33:52.824369,0.0147705078125,-0.0540924072265625,-0.9892120361328125
2026-09-05T12:33:55.846322,0.01483154296875,-0.053680419921875,-0.9887237548828125
2026-09-05T12:33:58.869852,0.015777587890625,-0.0536041259765625,-0.9873504638671875
2026-09-05T12:34:01.895529,0.014373779296875,-0.05474853515625,-0.988433837890625
2026-09-05T12:34:04.900694,0.014862060546875,-0.053253173828125,-0.9886322021484375
2026-09-05T12:34:08.906708,0.01470947265625,-0.0538787841796875,-0.9896240234375
2026-09-05T12:34:11.915990,0.0150146484375,-0.0528411865234375,-0.9888763427734375
2026-09-05T12:34:14.923593,0.01409912109375,-0.0536041259765625,-0.988983154296875
2026-09-05T12:34:17.944479,0.0151214599609375,-0.05328369140625,-0.98883056640625
2026-09-05T12:34:20.948344,0.0151824951171875,-0.053192138671875,-0.989013671875
2026-09-05T12:34:24.964994,0.0154571533203125,-0.0525054931640625,-0.9884796142578125
2026-09-05T12:34:27.986175,0.0153656005859375,-0.053497314453125,-0.9896087646484375
2026-09-05T12:34:32.007338,0.014251708984375,-0.051666259765625,-0.9883880615234375
2026-09-05T12:34:35.010248,0.0153350830078125,-0.0538787841796875,-0.9908447265625
2026-09-05T12:34:38.037009,0.016387939453125,-0.0539398193359375,-0.9889678955078125
2026-09-05T12:34:41.064241,0.0163726806640625,-0.05413818359375,-0.9890899658203125
2026-09-05T12:34:44.075068,0.0154266357421875,-0.052490234375,-0.9896240234375
2026-09-05T12:34:48.101547,0.0146484375,-0.053253173828125,-0.9901123046875
2026-09-05T12:34:51.163704,0.0152740478515625,-0.0538177490234375,-0.98992919921875
2026-09-05T12:34:54.171111,0.014404296875,-0.0531158447265625,-0.98931884765625
2026-09-05T12:34:57.176344,0.0135040283203125,-0.05340576171875,-0.9902191162109375
2026-09-05T12:35:00.193548,0.0146484375,-0.0535736083984375,-0.99066162109375
2026-09-05T12:39:40.519082,0.0243072509765625,-0.039764404296875,-0.9882354736328125
2026-09-05T12:41:11.463700,0.0243072509765625,-0.039764404296875,-0.9882354736328125
2026-09-05T12:41:41.453513,0.0243072509765625,-0.039764404296875,-0.9882354736328125
2026-09-05T12:42:48.320489,0.0243072509765625,-0.039764404296875,-0.9882354736328125
2026-09-05T12:44:24.294505,0.0243072509765625,-0.039764404296875,-0.9882354736328125
2026-09-05T12:45:34.413479,0.0243072509765625,-0.039764404296875,-0.9882354736328125
2026-09-05T13:04:45.079753,0.0243072509765625,-0.039764404296875,-0.9882354736328125
2026-09-05T13:05:14.272969,0.00836181640625,-0.0769500732421875,-0.98773193359375
2026-09-05T13:05:17.276162,0.0079803466796875,-0.076568603515625,-0.988433837890625
2026-09-05T13:05:21.295275,0.007110595703125,-0.0749359130859375,-0.9906768798828125
2026-09-05T13:05:24.298230,0.0083160400390625,-0.076812744140625,-0.9905548095703125
2026-09-05T13:05:27.301232,0.0048980712890625,-0.0703582763671875,-0.9970245361328125
2026-09-05T13:11:40.618294,0.00677490234375,-0.075347900390625,-0.987945556640625
2026-09-05T13:11:49.877229,0.00665283203125,-0.07708740234375,-0.988616943359375
2026-09-05T13:11:52.880240,0.0072021484375,-0.0762939453125,-0.987274169921875
2026-09-05T13:11:55.883720,0.0068817138671875,-0.07684326171875,-0.98858642578125
2026-09-05T13:11:58.887237,0.00531005859375,-0.075958251953125,-0.9883270263671875
2026-09-05T13:12:01.890620,0.007476806640625,-0.0781707763671875,-0.9875640869140625
2026-09-05T13:12:04.894736,0.0060577392578125,-0.07745361328125,-0.98980712890625
2026-09-05T13:12:07.898060,0.00543212890625,-0.0758819580078125,-0.988739013671875
2026-09-05T13:12:10.901196,0.0074920654296875,-0.076507568359375,-0.9883880615234375
2026-09-05T13:12:13.904677,0.007537841796875,-0.0760650634765625,-0.98876953125
2026-09-05T13:12:16.908144,0.006256103515625,-0.0771636962890625,-0.9897918701171875
2026-09-05T13:12:19.911166,0.00665283203125,-0.07708740234375,-0.988616943359375
2026-09-05T13:12:22.914214,0.006561279296875,-0.0780029296875,-0.9894256591796875
